date,time,trk,cc,lap 1,lap 2,lap 3,total
2022-02-26,11:43 PM,BC,150,46.877,44.708,44.357,2:15.942
2022-03-06,10:24 PM,BC,150,46.073,45.020,44.357,2:15.450
2022-03-26,12:11 AM,BC,150,45.927,43.946,43.738,2:13.611
2022-04-07,11:38 PM,BC,150,45.229,43.560,43.721,2:12.510
2022-04-26,11:43 PM,BC,150,45.174,43.063,43.543,2:11.780
2022-05-26,9:37 PM,BC,150,45.113,43.327,43.190,2:11.630
2022-05-26,9:44 PM,BC,150,44.961,43.229,43.376,2:11.566
2022-06-03,11:55 PM,BC,150,44.796,42.621,42.511,2:09.928
2022-02-27,8:32 PM,BDD,150,43.490,41.750,41.640,2:06.880
2022-03-23,7:49 PM,BDD,150,43.727,41.206,41.289,2:06.222
2022-04-14,7:47 PM,BDD,150,43.503,40.783,40.680,2:04.966
2022-05-25,2:37 PM,BDD,150,43.304,40.730,40.564,2:04.598
2022-05-26,10:01 PM,BDD,150,43.468,40.863,40.247,2:04.578
2022-05-28,5:33 PM,BDD,150,43.137,40.801,40.579,2:04.517
2022-06-11,6:09 PM,BDD,150,43.155,40.490,40.835,2:04.480
2022-06-26,2:05 PM,BDD,150,42.150,39.836,40.411,2:02.397
2022-06-28,10:12 PM,BDD,150,41.517,40.650,39.256,2:01.423
2022-06-29,11:20 PM,BDD,150,42.001,39.329,39.742,2:01.072
2022-02-09,12:23 AM,CC,150,46.354,44.705,44.888,2:15.947
2022-03-23,7:25 PM,CC,150,47.587,43.500,43.802,2:14.889
2022-04-08,5:33 PM,CC,150,45.515,43.504,43.560,2:12.579
2022-06-08,7:54 PM,CC,150,45.208,43.710,43.559,2:12.477
2022-06-11,6:34 PM,CC,150,45.762,43.233,43.028,2:12.023
2022-02-03,7:34 PM,dAC,150,38.494,35.388,36.195,1:50.077
2022-02-03,7:39 PM,dAC,150,38.047,35.332,35.552,1:48.931
2022-03-06,11:17 PM,dAC,150,38.003,35.314,35.237,1:48.554
2022-03-25,11:30 PM,dAC,150,37.105,35.102,35.272,1:47.479
2022-04-07,11:28 PM,dAC,150,36.903,34.482,34.755,1:46.140
2022-04-17,5:44 PM,dAC,150,36.863,34.291,34.705,1:45.859
2022-06-14,7:25 PM,dAC,150,36.991,34.129,34.529,1:45.649
2022-02-05,9:12 PM,dBB,150,37.533,22.833,36.167,1:36.533
2022-02-14,2:13 AM,dBB,150,37.216,23.217,35.967,1:36.400
2022-02-14,2:31 AM,dBB,150,36.383,23.933,35.884,1:36.200
2022-02-15,12:39 AM,dBB,150,36.600,23.050,36.516,1:36.166
2022-02-15,12:43 AM,dBB,150,36.433,23.600,35.450,1:35.483
2022-03-12,3:17 PM,dBB,150,36.366,23.167,35.350,1:34.883
2022-03-15,4:03 AM,dBB,150,36.166,22.267,35.500,1:33.933
2022-04-07,10:49 PM,dBB,150,35.683,22.700,35.083,1:33.466
2022-05-27,8:57 PM,dBB,150,36.283,22.533,34.517,1:33.333
2022-05-27,9:01 PM,dBB,150,35.850,22.066,34.350,1:32.266
2022-02-14,4:16 AM,dBP,150,,,,1:12.252
2022-04-07,11:12 PM,dBP,150,,,,1:10.812
2022-02-11,5:59 PM,dCL,150,42.664,40.177,40.043,2:02.884
2022-02-14,3:52 AM,dCL,150,42.325,39.710,39.944,2:01.979
2022-02-17,6:43 PM,dCL,150,41.413,38.708,40.096,2:00.217
2022-03-12,9:51 PM,dCL,150,41.255,39.163,39.145,1:59.563
2022-04-07,11:07 PM,dCL,150,40.573,38.104,38.138,1:56.815
2022-05-22,12:28 PM,dCL,150,40.358,38.277,37.828,1:56.463
2022-06-12,4:01 PM,dCL,150,40.113,37.668,38.304,1:56.085
2022-02-12,8:42 PM,dDD,150,40.501,38.675,39.137,1:58.313
2022-02-26,10:37 PM,dDD,150,40.744,38.312,38.385,1:57.441
2022-03-16,9:56 PM,dDD,150,40.199,38.527,37.996,1:56.722
2022-04-14,7:34 PM,dDD,150,39.339,37.921,37.779,1:55.039
2022-07-03,10:58 PM,dDD,150,39.658,37.668,37.036,1:54.362
2022-07-17,4:14 PM,dDD,150,39.131,37.098,37.790,1:54.019
2022-07-24,10:03 PM,dDD,150,38.599,36.845,36.875,1:52.319
2022-07-24,10:31 PM,dDD,150,39.062,36.652,36.441,1:52.155
2022-07-24,5:46 PM,dDD,150,38.569,37.504,37.231,1:53.304
2022-02-01,6:38 AM,dEA,150,38.989,37.126,37.126,1:53.241
2022-02-03,7:23 PM,dEA,150,38.468,37.089,37.205,1:52.762
2022-02-14,3:37 AM,dEA,150,38.527,36.780,36.754,1:52.061
2022-03-12,5:39 PM,dEA,150,38.484,36.902,36.396,1:51.782
2022-04-14,7:25 PM,dEA,150,38.390,36.987,36.248,1:51.625
2022-05-05,6:43 PM,dEA,150,38.118,36.639,36.627,1:51.384
2022-06-19,12:03 PM,dEA,150,38.264,36.630,36.133,1:51.027
2022-02-03,5:02 PM,dHC,150,43.622,42.009,42.104,2:07.735
2022-02-05,2:46 AM,dHC,150,42.289,42.221,41.820,2:06.330
2022-03-07,10:34 PM,dHC,150,43.004,40.272,40.465,2:03.741
2022-03-12,4:09 PM,dHC,150,41.106,39.813,41.428,2:02.347
2022-03-16,9:52 PM,dHC,150,41.701,40.837,39.804,2:02.342
2022-04-14,11:37 PM,dHC,150,41.348,39.491,39.255,2:00.094
2022-05-28,1:06 AM,dHC,150,40.937,38.947,38.791,1:58.675
2022-06-18,5:50 PM,dHC,150,39.992,38.652,39.471,1:58.115
2022-02-02,7:00 AM,dIIO,150,42.612,40.502,41.641,2:04.755
2022-02-03,4:43 PM,dIIO,150,41.764,40.530,40.068,2:02.362
2022-02-03,4:57 PM,dIIO,150,41.678,39.784,38.917,2:00.379
2022-03-12,3:58 PM,dIIO,150,41.104,39.342,39.378,1:59.824
2022-03-14,11:36 PM,dIIO,150,40.698,38.981,39.155,1:58.834
2022-03-16,9:40 PM,dIIO,150,41.370,38.671,38.531,1:58.572
2022-04-07,8:25 PM,dIIO,150,40.586,38.832,38.565,1:57.983
2022-04-17,4:36 PM,dIIO,150,39.984,38.305,38.110,1:56.399
2022-05-28,12:29 AM,dIIO,150,40.558,38.287,37.497,1:56.342
2022-06-12,2:44 PM,dIIO,150,39.835,38.168,37.941,1:55.944
2022-02-03,4:10 PM,dMC,150,42.678,40.037,40.019,2:02.734
2022-03-06,10:05 PM,dMC,150,42.542,39.981,40.168,2:02.691
2022-03-12,10:09 PM,dMC,150,42.607,39.790,40.037,2:02.434
2022-04-08,5:40 PM,dMC,150,41.903,39.559,39.218,2:00.680
2022-07-17,5:43 PM,dMC,150,41.868,39.448,38.789,2:00.105
2022-02-27,8:58 PM,dNBC,150,41.850,38.980,39.618,2:00.448
2022-03-06,9:48 PM,dNBC,150,41.555,39.390,39.441,2:00.386
2022-03-07,11:35 PM,dNBC,150,41.302,39.215,39.166,1:59.683
2022-03-30,9:21 PM,dNBC,150,40.584,38.939,39.417,1:58.940
2022-04-07,8:33 PM,dNBC,150,40.930,38.741,38.489,1:58.160
2022-04-17,7:49 PM,dNBC,150,40.767,38.967,38.377,1:58.111
2022-05-27,8:32 PM,dNBC,150,40.467,38.440,38.338,1:57.245
2022-06-12,3:13 PM,dNBC,150,40.402,38.413,37.945,1:56.760
2022-06-18,8:57 PM,dNBC,150,39.928,37.833,37.975,1:55.736
2022-02-01,4:34 AM,dRiR,150,41.225,39.359,39.661,2:00.245
2022-02-01,4:42 AM,dRiR,150,40.850,39.146,38.991,1:58.987
2022-02-03,4:20 PM,dRiR,150,41.085,38.848,38.951,1:58.884
2022-03-12,3:15 AM,dRiR,150,40.691,39.337,38.707,1:58.735
2022-03-12,3:54 PM,dRiR,150,40.549,38.849,38.516,1:57.914
2022-03-25,4:03 PM,dRiR,150,40.259,38.514,38.967,1:57.740
2022-04-07,8:45 PM,dRiR,150,40.425,38.219,38.533,1:57.177
2022-04-12,7:32 PM,dRiR,150,39.949,37.865,38.610,1:56.424
2022-04-17,6:08 PM,dRiR,150,39.767,37.955,38.048,1:55.770
2022-04-21,8:38 PM,dRiR,150,39.681,37.942,38.057,1:55.680
2022-04-23,1:02 PM,dRiR,150,39.751,37.572,38.258,1:55.581
2022-02-14,2:42 AM,dRR,150,34.072,32.496,32.490,1:39.058
2022-02-26,12:47 AM,dRR,150,34.034,32.202,32.543,1:38.779
2022-02-26,12:54 AM,dRR,150,33.766,32.806,31.892,1:38.464
2022-02-26,1:01 AM,dRR,150,33.914,32.485,31.893,1:38.292
2022-02-26,1:06 AM,dRR,150,34.264,32.069,31.823,1:38.156
2022-02-26,1:16 AM,dRR,150,33.809,31.572,32.131,1:37.512
2022-03-06,10:15 PM,dRR,150,33.342,32.172,31.968,1:37.482
2022-03-12,3:00 AM,dRR,150,33.558,32.019,31.669,1:37.246
2022-03-25,4:54 PM,dRR,150,33.421,31.466,31.733,1:36.620
2022-03-25,5:06 PM,dRR,150,32.845,31.913,31.259,1:36.017
2022-04-14,11:54 PM,dRR,150,32.649,31.116,31.266,1:35.031
2022-04-17,6:35 PM,dRR,150,32.576,31.210,30.969,1:34.755
2022-05-29,1:12 PM,dRR,150,32.519,31.068,30.952,1:34.539
2022-06-06,9:25 PM,dRR,150,32.526,30.949,30.965,1:34.440
2022-06-18,5:41 PM,dRR,150,32.571,31.098,30.707,1:34.376
2022-02-12,8:53 PM,DS,150,45.309,42.868,43.742,2:11.919
2022-02-26,11:47 PM,DS,150,44.679,43.157,43.565,2:11.401
2022-03-06,11:26 PM,DS,150,44.792,42.557,42.958,2:10.307
2022-03-12,10:17 PM,DS,150,44.919,42.402,42.381,2:09.702
2022-03-21,11:50 AM,DS,150,44.117,42.800,42.479,2:09.396
2022-03-26,11:06 PM,DS,150,44.308,42.238,42.536,2:09.082
2022-04-07,7:50 PM,DS,150,44.527,41.931,41.597,2:08.055
2022-04-16,9:27 AM,DS,150,43.774,41.799,42.257,2:07.830
2022-04-26,11:29 PM,DS,150,43.081,41.508,41.448,2:06.037
2022-06-03,10:05 PM,DS,150,43.665,41.097,41.122,2:05.884
2022-02-03,5:06 PM,dSBS,150,40.163,40.564,38.541,1:59.268
2022-03-06,9:54 PM,dSBS,150,40.546,39.559,39.062,1:59.167
2022-03-12,12:00 AM,dSBS,150,41.267,38.508,38.593,1:58.368
2022-03-12,3:11 PM,dSBS,150,40.949,37.910,38.801,1:57.660
2022-03-12,5:28 PM,dSBS,150,40.815,37.562,38.349,1:56.726
2022-03-15,4:00 PM,dSBS,150,40.630,37.368,36.997,1:54.995
2022-03-25,10:01 PM,dSBS,150,40.338,36.659,37.497,1:54.494
2022-03-25,10:13 PM,dSBS,150,40.271,35.680,37.372,1:53.323
2022-04-14,7:39 PM,dSBS,150,39.864,35.972,37.192,1:53.028
2022-04-23,1:14 PM,dSBS,150,39.440,35.996,36.358,1:51.794
2022-05-27,8:53 PM,dSBS,150,39.705,35.549,36.352,1:51.606
2022-02-17,5:18 PM,dWGM,150,46.675,44.322,44.961,2:15.958
2022-03-16,10:36 PM,dWGM,150,46.873,43.953,44.733,2:15.559
2022-03-21,12:13 PM,dWGM,150,46.714,44.019,44.252,2:14.985
2022-04-14,11:47 PM,dWGM,150,45.603,43.788,43.994,2:13.385
2022-05-28,12:16 AM,dWGM,150,45.702,44.016,43.354,2:13.072
2022-05-28,12:24 AM,dWGM,150,45.211,43.500,43.538,2:12.249
2022-02-17,1:01 AM,dWW,150,41.022,38.653,38.896,1:58.571
2022-03-06,10:10 PM,dWW,150,41.000,38.541,38.977,1:58.518
2022-03-12,9:57 PM,dWW,150,41.213,38.758,38.392,1:58.363
2022-03-21,11:53 PM,dWW,150,40.597,38.340,38.745,1:57.682
2022-03-25,11:24 PM,dWW,150,40.734,37.818,38.699,1:57.251
2022-04-07,11:23 PM,dWW,150,40.486,37.548,37.933,1:55.967
2022-05-28,5:17 PM,dWW,150,40.200,37.986,37.734,1:55.920
2022-05-30,11:31 PM,dWW,150,39.949,38.090,37.607,1:55.646
2022-06-04,7:33 PM,dWW,150,40.036,38.039,37.526,1:55.601
2022-06-05,3:56 PM,dWW,150,40.433,37.253,37.820,1:55.506
2022-06-14,7:15 PM,dWW,150,40.112,37.528,37.261,1:54.901
2022-06-18,10:40 PM,dWW,150,39.822,37.332,37.653,1:54.807
2022-06-18,10:43 PM,dWW,150,39.144,37.774,37.449,1:54.367
2022-02-03,4:02 PM,dYC,150,40.871,39.497,38.867,1:59.235
2022-02-05,1:09 AM,dYC,150,41.125,38.943,38.985,1:59.053
2022-02-12,8:20 PM,dYC,150,40.942,39.246,38.790,1:58.978
2022-02-14,3:46 AM,dYC,150,40.926,39.354,38.313,1:58.593
2022-03-12,3:32 PM,dYC,150,40.792,38.956,38.655,1:58.403
2022-03-21,11:57 AM,dYC,150,40.415,38.393,38.053,1:56.861
2022-03-23,8:07 PM,dYC,150,40.687,38.043,37.962,1:56.692
2022-03-25,9:23 PM,dYC,150,40.422,37.841,38.370,1:56.633
2022-03-25,9:31 PM,dYC,150,39.836,37.610,37.275,1:54.721
2022-02-26,11:50 PM,Ed,150,46.189,43.536,43.930,2:13.655
2022-03-06,8:31 PM,Ed,150,45.213,43.777,43.432,2:12.422
2022-03-10,1:21 AM,Ed,150,45.324,43.428,43.580,2:12.332
2022-03-12,5:43 PM,Ed,150,45.047,43.193,43.046,2:11.286
2022-04-07,7:53 PM,Ed,150,44.621,42.278,42.134,2:09.033
2022-06-03,11:40 PM,Ed,150,44.273,41.909,42.335,2:08.517
2022-02-14,1:48 AM,MC,150,42.271,39.817,39.541,2:01.629
2022-02-23,1:20 AM,MC,150,41.418,39.547,40.079,2:01.044
2022-02-23,1:25 AM,MC,150,41.494,39.594,39.434,2:00.522
2022-02-26,5:26 AM,MC,150,41.668,39.329,39.156,2:00.153
2022-03-12,4:17 PM,MC,150,40.634,38.837,40.465,1:59.936
2022-03-21,11:41 AM,MC,150,40.188,39.012,37.962,1:57.162
2022-03-21,11:44 AM,MC,150,40.128,38.111,38.564,1:56.803
2022-04-07,7:16 PM,MC,150,39.918,37.976,38.107,1:56.001
2022-06-09,8:53 PM,MC,150,38.050,38.174,37.751,1:53.975
2022-02-14,1:30 AM,MKS,150,37.948,36.134,35.419,1:49.501
2022-02-14,1:35 AM,MKS,150,38.201,35.630,35.595,1:49.426
2022-02-14,4:13 AM,MKS,150,37.925,35.848,35.235,1:49.008
2022-04-07,6:51 PM,MKS,150,38.023,35.347,35.004,1:48.374
2022-04-07,8:02 PM,MKS,150,37.205,34.799,34.673,1:46.677
2022-03-09,9:23 PM,MKS,200,27.816,26.350,26.402,1:20.568
2022-02-03,7:17 PM,MW,150,27.916,52.300,39.667,1:59.883
2022-03-06,8:24 PM,MW,150,28.083,49.750,40.717,1:58.550
2022-03-12,10:12 PM,MW,150,28.116,50.250,39.584,1:57.950
2022-04-14,8:49 PM,MW,150,26.000,49.416,39.017,1:54.433
2022-04-17,6:23 PM,MW,150,26.650,48.050,37.983,1:52.683
2022-02-11,10:40 AM,rCCB,150,42.295,39.361,39.228,2:00.884
2022-02-11,10:43 AM,rCCB,150,41.546,40.091,38.920,2:00.557
2022-02-11,10:49 AM,rCCB,150,41.470,39.427,39.511,2:00.408
2022-02-27,12:18 AM,rCCB,150,41.484,39.017,39.029,1:59.530
2022-03-25,3:13 PM,rCCB,150,41.249,38.879,38.815,1:58.943
2022-04-07,8:06 PM,rCCB,150,40.638,38.409,38.671,1:57.718
2022-06-03,9:53 PM,rCCB,150,40.312,38.277,38.120,1:56.709
2022-02-09,1:07 AM,rDDD,150,48.053,46.253,44.951,2:19.257
2022-02-09,1:26 AM,rDDD,150,47.319,45.030,44.807,2:17.156
2022-02-09,1:33 AM,rDDD,150,46.822,45.412,44.213,2:16.447
2022-02-09,7:18 PM,rDDD,150,46.154,45.320,44.453,2:15.927
2022-02-09,7:22 PM,rDDD,150,45.883,44.323,44.161,2:14.367
2022-03-25,2:50 PM,rDDD,150,45.630,44.098,44.286,2:14.014
2022-04-14,6:34 PM,rDDD,150,45.454,43.863,44.048,2:13.365
2022-04-14,6:43 PM,rDDD,150,45.364,43.367,42.713,2:11.444
2022-05-26,11:39 PM,rDDD,150,44.726,43.309,42.807,2:10.842
2022-06-28,8:19 PM,rDDD,150,44.443,42.950,42.697,2:10.090
2022-06-28,8:51 PM,rDDD,150,44.235,42.282,41.883,2:08.400
2022-06-29,10:33 PM,rDDD,150,43.735,41.712,42.455,2:07.902
2022-02-02,5:20 AM,rDKJ,150,47.323,45.267,45.031,2:17.621
2022-02-11,7:06 AM,rDKJ,150,46.617,45.380,44.655,2:16.652
2022-02-23,12:52 AM,rDKJ,150,46.830,44.938,44.774,2:16.542
2022-03-25,2:56 PM,rDKJ,150,46.766,45.017,44.341,2:16.124
2022-03-25,3:05 PM,rDKJ,150,46.263,45.294,44.342,2:15.899
2022-04-07,10:43 PM,rDKJ,150,46.066,44.431,44.170,2:14.667
2022-05-27,6:06 PM,rDKJ,150,45.819,43.716,43.761,2:13.296
2022-02-01,7:31 AM,rDP3,150,31.385,31.254,30.501,1:33.140
2022-02-01,8:05 AM,rDP3,150,31.803,30.087,30.575,1:32.465
2022-02-02,5:16 AM,rDP3,150,91.802,30.960,29.555,1:32.317
2022-02-03,5:13 PM,rDP3,150,31.039,30.504,30.144,1:31.687
2022-02-03,6:12 PM,rDP3,150,30.856,30.249,30.422,1:31.527
2022-02-03,6:19 PM,rDP3,150,31.658,29.613,30.059,1:31.330
2022-02-03,6:28 PM,rDP3,150,31.704,29.289,29.992,1:30.958
2022-02-06,3:11 AM,rDP3,150,31.090,28.828,29.704,1:29.622
2022-02-09,12:47 AM,rDP3,150,30.302,29.525,29.753,1:29.580
2022-02-09,7:27 PM,rDP3,150,30.272,28.957,29.426,1:28.655
2022-02-11,10:59 AM,rDP3,150,30.532,29.553,28.472,1:28.557
2022-02-14,3:31 AM,rDP3,150,29.759,28.558,30.044,1:28.361
2022-02-23,12:30 AM,rDP3,150,30.235,28.585,28.793,1:27.613
2022-02-23,12:38 AM,rDP3,150,30.055,27.997,28.786,1:26.838
2022-03-23,8:19 PM,rDP3,150,30.632,27.339,28.385,1:26.356
2022-04-17,6:44 PM,rDP3,150,30.055,27.781,28.211,1:26.047
2022-05-29,4:29 PM,rDP3,150,29.664,27.713,28.385,1:25.762
2022-03-09,9:41 PM,rDP3,200,28.860,29.538,29.444,1:27.842
2022-03-09,9:44 PM,rDP3,200,26.966,27.577,29.909,1:24.452
2022-02-27,8:53 PM,rGV,150,44.213,43.260,43.017,2:10.490
2022-03-06,9:07 PM,rGV,150,44.131,42.924,42.958,2:10.013
2022-03-12,10:12 PM,rGV,150,44.459,41.851,42.472,2:08.782
2022-03-12,5:33 PM,rGV,150,43.655,43.252,42.570,2:09.477
2022-04-14,7:22 PM,rGV,150,43.616,42.189,42.527,2:08.332
2022-05-22,3:14 PM,rGV,150,43.224,41.990,41.565,2:06.779
2022-07-24,11:20 PM,rGV,150,43.268,41.261,41.587,2:06.116
2022-02-20,11:20 PM,rMC,150,33.892,31.222,31.395,1:36.509
2022-02-23,12:19 AM,rMC,150,33.826,31.297,31.191,1:36.314
2022-02-26,11:22 PM,rMC,150,32.483,31.748,31.015,1:35.246
2022-02-26,11:29 PM,rMC,150,32.314,31.568,30.809,1:34.691
2022-02-26,2:03 AM,rMC,150,32.874,31.680,31.435,1:35.989
2022-02-26,3:44 AM,rMC,150,32.732,31.623,31.355,1:35.710
2022-04-14,10:41 PM,rMC,150,31.873,30.695,31.729,1:34.297
2022-04-16,11:27 AM,rMC,150,31.851,31.897,30.362,1:34.110
2022-04-16,11:34 AM,rMC,150,32.212,30.474,30.894,1:33.580
2022-05-28,6:22 PM,rMC,150,33.584,29.376,30.214,1:33.174
2022-06-18,11:46 PM,rMC,150,33.367,29.364,30.300,1:33.031
2022-06-27,5:32 PM,rMC,150,33.719,29.049,30.176,1:32.944
2022-06-27,5:35 PM,rMC,150,33.155,29.008,30.348,1:32.511
2022-07-12,7:36 PM,rMC,150,33.197,29.700,29.448,1:32.345
2022-07-12,7:41 PM,rMC,150,33.193,29.940,29.188,1:32.321
2022-02-09,10:14 PM,rMMM,150,32.620,31.891,32.194,1:36.705
2022-02-14,3:27 AM,rMMM,150,33.717,30.846,32.088,1:36.651
2022-03-11,11:34 PM,rMMM,150,32.457,31.593,32.297,1:36.347
2022-03-12,1:15 AM,rMMM,150,32.793,31.221,31.425,1:35.439
2022-03-12,5:18 PM,rMMM,150,32.234,31.403,31.611,1:35.248
2022-03-19,11:02 PM,rMMM,150,31.815,30.956,31.941,1:34.712
2022-04-07,9:01 PM,rMMM,150,31.889,31.152,30.550,1:33.591
2022-05-13,8:36 PM,rMMM,150,31.787,30.892,30.433,1:33.112
2022-06-18,10:57 PM,rMMM,150,31.762,30.311,30.509,1:32.582
2022-02-11,6:02 AM,rMP,150,45.333,45.586,43.128,2:14.047
2022-02-11,6:06 AM,rMP,150,44.580,44.422,43.539,2:12.541
2022-02-11,6:34 AM,rMP,150,44.663,43.553,43.655,2:11.871
2022-02-11,6:40 AM,rMP,150,44.821,43.549,42.937,2:11.307
2022-02-23,2:02 AM,rMP,150,45.100,43.171,42.975,2:11.246
2022-03-30,9:29 PM,rMP,150,43.859,43.047,42.603,2:09.509
2022-05-26,11:18 PM,rMP,150,42.910,42.021,42.430,2:07.361
2022-06-28,9:13 PM,rMP,150,43.011,41.261,41.958,2:06.230
2022-06-29,10:08 PM,rMP,150,42.532,41.190,41.190,2:04.912
2022-07-03,5:38 PM,rMP,150,42.142,40.861,40.548,2:03.551
2022-02-09,7:31 PM,rPPS,150,47.704,45.210,45.584,2:18.498
2022-02-09,7:37 PM,rPPS,150,46.555,44.882,47.054,2:18.491
2022-02-09,7:47 PM,rPPS,150,46.692,44.521,44.377,2:15.590
2022-03-12,10:06 PM,rPPS,150,45.968,44.304,44.181,2:14.453
2022-03-25,3:40 PM,rPPS,150,44.869,43.001,44.021,2:11.891
2022-04-14,11:17 PM,rPPS,150,44.596,43.201,43.644,2:11.441
2022-04-23,1:46 PM,rPPS,150,44.288,42.631,43.653,2:10.572
2022-04-23,1:53 PM,rPPS,150,43.946,42.731,43.368,2:10.045
2022-02-26,11:39 PM,RR,150,47.207,45.067,43.734,2:16.008
2022-02-27,8:28 PM,RR,150,47.251,44.501,43.458,2:15.210
2022-03-06,11:21 PM,RR,150,46.612,43.854,44.562,2:15.028
2022-03-12,12:41 AM,RR,150,45.788,44.126,44.539,2:14.453
2022-03-26,12:01 AM,RR,150,45.670,43.757,44.005,2:13.432
2022-04-14,10:25 PM,RR,150,45.234,43.576,43.870,2:12.680
2022-06-14,7:04 PM,RR,150,44.601,43.637,43.848,2:12.086
2022-02-01,5:11 AM,rRRd,150,29.833,28.433,30.503,1:28.769
2022-03-12,1:50 AM,rRRd,150,30.033,27.267,31.065,1:28.365
2022-03-25,11:56 PM,rRRd,150,29.866,27.617,30.464,1:27.947
2022-04-07,10:54 PM,rRRd,150,29.033,26.733,30.856,1:26.622
2022-02-02,5:31 AM,rRRy,150,45.872,43.484,43.294,2:12.650
2022-02-03,5:47 PM,rRRy,150,45.110,43.095,43.812,2:12.017
2022-02-03,6:01 PM,rRRy,150,45.196,43.323,42.915,2:11.434
2022-02-23,12:56 AM,rRRy,150,44.954,42.956,43.107,2:11.017
2022-03-07,11:46 PM,rRRy,150,45.079,43.011,42.742,2:10.832
2022-03-25,9:49 PM,rRRy,150,44.491,42.431,42.223,2:09.145
2022-04-07,8:11 PM,rRRy,150,44.273,42.263,42.258,2:08.794
2022-05-27,5:57 PM,rRRy,150,43.830,41.961,42.665,2:08.456
2022-06-04,7:24 PM,rRRy,150,43.876,41.745,42.123,2:07.744
2022-06-13,7:55 PM,rRRy,150,43.467,41.941,941.898,2:07.306
2022-02-27,9:04 PM,rSL,150,43.927,42.001,40.849,2:06.777
2022-03-06,9:32 PM,rSL,150,43.726,41.635,41.192,2:06.553
2022-03-12,2:19 AM,rSL,150,43.022,41.037,40.334,2:04.393
2022-03-25,9:45 PM,rSL,150,43.421,39.722,40.396,2:03.539
2022-04-14,10:18 PM,rSL,150,41.923,39.709,39.911,2:01.543
2022-06-30,11:41 PM,rSL,150,42.104,39.738,38.763,2:00.605
2022-07-24,8:24 PM,rSL,150,41.714,38.774,39.334,1:59.822
2022-02-26,11:35 PM,rTT,150,41.964,39.128,38.732,1:59.824
2022-03-06,9:42 PM,rTT,150,40.796,38.974,39.685,1:59.455
2022-04-14,7:51 PM,rTT,150,39.478,38.447,37.579,1:55.504
2022-04-17,7:34 PM,rTT,150,39.519,37.286,38.043,1:54.848
2022-05-26,11:09 PM,rTT,150,39.023,38.009,37.689,1:54.721
2022-05-27,9:07 PM,rTT,150,39.502,37.604,37.117,1:54.223
2022-06-03,9:43 PM,rTT,150,39.377,36.993,37.525,1:53.895
2022-02-27,8:44 PM,rTTC,150,42.686,40.289,40.454,2:03.429
2022-03-06,8:41 PM,rTTC,150,42.062,39.662,40.903,2:02.627
2022-03-25,10:48 PM,rTTC,150,42.617,39.218,39.058,2:00.893
2022-04-14,9:14 PM,rTTC,150,41.054,39.298,39.590,1:59.942
2022-04-17,6:55 PM,rTTC,150,40.859,38.425,39.297,1:58.581
2022-05-27,6:11 PM,rTTC,150,41.193,38.051,38.510,1:57.754
2022-06-28,10:55 PM,rTTC,150,39.186,37.872,39.260,1:56.318
2022-02-05,1:24 AM,rWS,150,43.624,41.993,42.168,2:07.785
2022-02-05,1:28 AM,rWS,150,42.937,41.794,41.830,2:06.561
2022-02-05,1:55 AM,rWS,150,42.978,41.298,41.687,2:05.963
2022-02-05,2:05 AM,rWS,150,42.712,41.753,41.354,2:05.819
2022-04-10,5:58 PM,rWS,150,42.643,41.697,41.153,2:05.493
2022-05-24,8:14 PM,rWS,150,41.876,40.887,41.496,2:04.259
2022-02-17,12:26 AM,rYV,150,46.449,43.604,42.835,2:12.888
2022-02-23,1:28 AM,rYV,150,45.895,43.345,43.479,2:12.719
2022-02-27,12:02 AM,rYV,150,45.011,42.828,42.491,2:10.330
2022-02-27,9:20 PM,rYV,150,44.612,42.127,42.070,2:08.809
2022-03-21,12:01 PM,rYV,150,44.336,41.872,41.613,2:07.821
2022-03-25,9:41 PM,rYV,150,44.449,41.754,41.382,2:07.585
2022-04-11,6:14 PM,rYV,150,44.440,41.621,41.491,2:07.552
2022-05-26,11:24 PM,rYV,150,44.140,42.154,41.167,2:07.461
2022-05-26,11:27 PM,rYV,150,43.985,41.564,41.465,2:07.014
2022-02-14,4:35 AM,SA,150,46.120,43.810,43.967,2:13.897
2022-03-06,8:36 PM,SA,150,45.757,43.706,43.768,2:13.231
2022-03-16,10:20 PM,SA,150,45.051,43.348,44.443,2:12.842
2022-03-16,10:27 PM,SA,150,45.027,43.538,43.449,2:12.014
2022-03-25,10:54 PM,SA,150,45.219,43.241,43.206,2:11.666
2022-04-07,7:46 PM,SA,150,44.709,43.371,43.044,2:11.124
2022-04-26,11:22 PM,SA,150,44.492,43.228,43.102,2:10.822
2022-05-30,10:36 PM,SA,150,44.737,43.113,42.704,2:10.554
2022-05-30,10:42 PM,SA,150,43.693,43.085,42.978,2:09.756
2022-03-11,11:54 PM,SGF,150,45.264,43.373,43.293,2:11.930
2022-03-16,10:17 PM,SGF,150,44.668,43.393,43.644,2:11.705
2022-03-25,11:01 PM,SGF,150,44.917,43.210,43.260,2:11.387
2022-04-14,7:14 PM,SGF,150,43.685,42.324,42.775,2:08.784
2022-04-17,5:35 PM,SGF,150,43.730,42.282,42.031,2:08.043
2022-02-14,1:42 AM,SSC,150,41.940,39.149,39.090,2:00.179
2022-03-06,9:28 PM,SSC,150,41.306,39.066,39.076,1:59.448
2022-03-12,2:56 PM,SSC,150,40.672,39.340,39.409,1:59.421
2022-03-13,10:48 PM,SSC,150,40.516,39.166,39.084,1:58.766
2022-03-25,10:24 PM,SSC,150,40.325,38.915,38.827,1:58.067
2022-04-07,7:01 PM,SSC,150,40.392,38.932,38.414,1:57.738
2022-04-07,7:04 PM,SSC,150,40.217,38.504,38.547,1:57.268
2022-06-12,2:52 PM,SSC,150,39.798,38.499,38.661,1:56.958
2022-02-03,7:07 PM,TH,150,46.889,45.259,45.179,2:17.327
2022-03-13,11:03 PM,TH,150,46.467,44.789,45.329,2:16.585
2022-04-07,7:26 PM,TH,150,45.761,44.027,43.965,2:13.753
2022-06-06,9:09 PM,TH,150,45.067,43.982,44.314,2:13.363
2022-02-01,6:47 AM,TM,150,44.276,42.327,42.211,2:08.814
2022-02-14,1:53 AM,TM,150,44.187,42.238,41.811,2:08.236
2022-02-23,1:12 AM,TM,150,44.227,41.195,41.863,2:07.285
2022-02-23,1:17 AM,TM,150,43.587,41.366,41.666,2:06.619
2022-03-12,3:41 PM,TM,150,43.460,41.452,41.688,2:06.600
2022-03-26,10:54 PM,TM,150,42.967,41.309,41.270,2:05.546
2022-04-07,7:29 PM,TM,150,42.622,41.578,40.793,2:04.993
2022-02-05,1:13 AM,TR,150,43.510,40.138,40.706,2:04.354
2022-02-09,10:26 PM,TR,150,42.719,40.421,40.052,2:03.390
2022-02-09,10:42 PM,TR,150,42.619,40.164,40.223,2:03.006
2022-02-09,12:14 AM,TR,150,43.453,40.196,40.071,2:03.720
2022-03-06,9:35 PM,TR,150,42.612,39.915,39.239,2:01.766
2022-03-13,10:55 PM,TR,150,42.926,39.531,39.062,2:01.519
2022-03-25,10:41 PM,TR,150,42.159,39.332,39.276,2:00.767
2022-04-07,7:11 PM,TR,150,41.245,39.262,38.577,1:59.084
2022-04-29,10:09 PM,TR,150,41.509,38.659,38.657,1:58.825
2022-06-03,9:34 PM,TR,150,40.815,38.096,38.147,1:57.058
2022-07-23,12:52 PM,TR,150,40.719,38.176,37.768,1:56.663
2022-03-18,1:26 AM,wChM,150,44.661,41.294,41.561,2:07.516
2022-03-18,4:12 AM,wChM,150,44.483,41.307,41.111,2:06.901
2022-03-19,5:40 AM,wChM,150,43.992,41.438,41.459,2:06.889
2022-03-21,12:41 PM,wChM,150,43.233,41.362,41.228,2:05.823
2022-03-23,7:14 PM,wChM,150,43.240,41.080,40.687,2:05.007
2022-04-14,8:02 PM,wChM,150,42.505,41.186,40.392,2:04.083
2022-04-15,3:49 PM,wChM,150,42.211,40.686,40.101,2:02.998
2022-03-19,9:11 AM,wChM,200,33.542,31.585,30.199,1:35.326
2022-03-24,7:22 PM,wChM,200,31.940,91.905,29.029,1:32.874
2022-03-24,7:25 PM,wChM,200,31.281,30.674,30.031,1:31.986
2022-03-18,10:55 AM,wCoM,150,39.645,40.447,37.474,1:57.566
2022-03-18,1:32 AM,wCoM,150,41.176,39.407,38.926,1:59.509
2022-03-18,4:02 AM,wCoM,150,41.552,39.332,37.931,1:58.815
2022-03-19,11:20 PM,wCoM,150,39.667,37.923,37.479,1:55.069
2022-03-19,11:48 PM,wCoM,150,38.988,37.873,36.826,1:53.687
2022-03-19,1:13 AM,wCoM,150,39.511,39.300,38.107,1:56.918
2022-03-19,2:51 AM,wCoM,150,39.867,38.978,37.912,1:56.757
2022-03-19,3:25 AM,wCoM,150,39.836,38.138,37.403,1:55.377
2022-03-25,2:22 PM,wCoM,150,39.452,37.332,36.650,1:53.434
2022-04-07,10:19 PM,wCoM,150,38.821,37.106,36.816,1:52.743
2022-05-26,10:26 PM,wCoM,150,38.910,36.988,36.332,1:52.230
2022-03-19,9:21 AM,wCoM,200,31.184,33.142,29.507,1:33.833
2022-03-24,7:29 PM,wCoM,200,30.691,29.756,32.740,1:33.187
2022-03-24,7:32 PM,wCoM,200,30.440,29.697,30.034,1:30.171
2022-08-04,5:33 PM,wKD,150,41.286,31.497,34.696,1:47.479
2022-08-04,6:56 PM,wKD,150,39.104,31.329,33.414,1:43.847
2022-08-06,3:53 PM,wKD,150,38.557,30.309,34.325,1:43.191
2022-08-06,3:58 PM,wKD,150,39.030,29.520,32.894,1:41.444
2022-08-04,5:30 PM,wMC3,150,37.492,33.954,33.691,1:45.137
2022-08-04,7:10 PM,wMC3,150,36.368,33.710,33.437,1:43.515
2022-08-04,6:04 PM,wMG,150,39.594,44.808,36.428,2:00.830
2022-08-04,6:06 PM,wMG,150,38.640,37.158,36.344,1:52.142
2022-08-04,7:32 PM,wMG,150,37.385,35.961,35.968,1:49.314
2022-08-04,8:17 PM,wMG,150,37.451,35.465,35.424,1:48.340
2022-08-05,5:59 PM,wMG,150,36.813,35.230,35.661,1:47.704
2022-08-06,8:29 PM,wMG,150,35.140,35.987,34.779,1:45.906
2022-08-06,9:34 PM,wMG,150,34.894,32.929,33.453,1:41.276
2022-03-18,10:45 AM,wNH,150,45.240,43.085,44.980,2:13.305
2022-03-18,12:23 AM,wNH,150,47.419,45.726,44.676,2:17.821
2022-03-18,1:39 AM,wNH,150,47.017,45.411,43.337,2:15.765
2022-03-18,2:28 AM,wNH,150,45.718,43.905,45.104,2:14.727
2022-03-18,3:51 AM,wNH,150,44.656,44.045,45.161,2:13.862
2022-03-19,1:32 AM,wNH,150,44.595,43.164,45.145,2:12.904
2022-03-19,1:36 AM,wNH,150,44.708,42.498,42.314,2:09.520
2022-03-19,1:44 AM,wNH,150,44.591,41.966,42.086,2:08.643
2022-03-19,1:55 AM,wNH,150,44.680,41.639,41.629,2:07.948
2022-03-19,6:20 AM,wNH,150,43.666,42.057,42.130,2:07.853
2022-03-19,6:23 AM,wNH,150,43.544,41.314,42.678,2:07.536
2022-03-20,11:59 PM,wNH,150,43.322,41.815,40.785,2:05.922
2022-03-20,1:35 AM,wNH,150,43.293,41.560,41.802,2:06.655
2022-03-21,10:14 AM,wNH,150,43.167,40.396,40.861,2:04.424
2022-03-21,10:20 AM,wNH,150,42.543,40.742,40.709,2:03.994
2022-03-21,9:51 AM,wNH,150,43.321,40.607,41.120,2:05.048
2022-04-23,12:32 AM,wNH,150,43.629,40.367,39.626,2:03.622
2022-04-23,12:56 AM,wNH,150,42.707,40.787,40.031,2:03.525
2022-05-04,10:39 PM,wNH,150,42.961,40.347,40.057,2:03.365
2022-05-04,10:47 PM,wNH,150,42.798,40.548,39.876,2:03.222
2022-05-05,5:37 PM,wNH,150,42.753,39.758,40.466,2:02.977
2022-05-08,10:03 PM,wNH,150,42.303,40.421,39.827,2:02.551
2022-05-24,5:49 PM,wNH,150,42.212,40.277,39.782,2:02.271
2022-06-19,11:51 PM,wNH,150,42.298,39.532,40.315,2:02.145
2022-08-04,5:16 PM,wNYM,150,36.363,34.194,31.345,1:41.902
2022-08-04,5:19 PM,wNYM,150,35.611,32.634,28.822,1:37.067
2022-08-05,5:43 PM,wNYM,150,34.440,31.735,28.698,1:34.873
2022-02-27,8:38 PM,WP,150,39.192,36.514,36.987,1:52.693
2022-03-06,9:38 PM,WP,150,39.717,36.300,36.247,1:52.264
2022-03-12,12:22 PM,WP,150,39.540,36.627,36.068,1:52.235
2022-03-12,1:55 PM,WP,150,39.171,36.551,36.309,1:52.031
2022-03-21,12:04 PM,WP,150,38.977,35.852,37.066,1:51.895
2022-03-21,12:06 PM,WP,150,38.720,36.017,35.944,1:50.681
2022-03-25,11:18 PM,WP,150,38.491,36.185,35.935,1:50.611
2022-03-26,10:50 PM,WP,150,38.629,36.013,35.882,1:50.524
2022-04-01,9:43 AM,WP,150,38.012,36.118,36.186,1:50.316
2022-04-07,6:57 PM,WP,150,38.021,35.996,35.695,1:49.712
2022-04-10,5:51 PM,WP,150,37.314,35.290,35.964,1:48.568
2022-03-18,12:33 AM,wPP,150,42.692,40.747,45.978,2:09.417
2022-03-18,2:50 AM,wPP,150,41.145,40.443,47.696,2:09.284
2022-03-18,2:54 AM,wPP,150,40.411,39.720,48.053,2:08.184
2022-03-18,6:01 AM,wPP,150,40.426,39.087,48.054,2:07.567
2022-03-18,9:55 AM,wPP,150,40.080,39.110,47.427,2:06.617
2022-03-19,11:12 PM,wPP,150,39.704,37.917,44.580,2:02.201
2022-03-19,12:54 AM,wPP,150,40.185,38.863,46.336,2:05.384
2022-03-19,2:38 AM,wPP,150,40.285,38.630,46.186,2:05.101
2022-03-19,3:56 AM,wPP,150,40.209,38.508,45.367,2:04.084
2022-03-19,4:04 AM,wPP,150,40.211,38.722,44.484,2:03.417
2022-03-19,4:09 AM,wPP,150,39.930,38.520,44.617,2:03.067
2022-03-25,2:26 PM,wPP,150,39.641,37.956,43.937,2:01.534
2022-04-07,9:09 PM,wPP,150,39.472,37.769,43.826,2:01.067
2022-04-07,9:13 PM,wPP,150,39.278,37.777,43.279,2:00.334
2022-04-11,7:12 PM,wPP,150,39.075,37.348,43.178,1:59.601
2022-05-05,10:21 PM,wPP,150,38.799,37.799,42.836,1:59.434
2022-03-24,6:25 PM,wPP,200,28.240,28.287,31.307,1:27.834
2022-03-24,6:32 PM,wPP,200,28.171,26.550,32.046,1:26.767
2022-03-18,11:05 AM,wSG,150,33.820,32.980,34.695,1:41.495
2022-03-18,12:10 AM,wSG,150,37.155,34.216,34.904,1:46.275
2022-03-18,12:46 AM,wSG,150,36.187,33.443,34.892,1:44.522
2022-03-18,3:58 AM,wSG,150,35.982,33.619,33.224,1:42.825
2022-03-18,5:01 AM,wSG,150,34.762,34.119,32.655,1:41.536
2022-03-19,1:25 AM,wSG,150,34.913,33.590,32.235,1:40.738
2022-03-19,5:18 AM,wSG,150,33.512,32.924,31.759,1:38.195
2022-04-14,8:10 PM,wSG,150,33.254,32.706,32.185,1:38.145
2022-03-24,8:02 PM,wSG,200,25.296,25.999,24.683,1:15.978
2022-08-04,6:15 PM,wSHS,150,44.652,42.809,42.425,2:09.886
2022-08-04,6:18 PM,wSHS,150,44.443,41.465,41.446,2:07.354
2022-08-04,5:57 PM,wSL,150,38.517,36.842,35.171,1:50.530
2022-08-04,7:16 PM,wSL,150,37.858,35.308,34.728,1:47.894
2022-08-04,7:25 PM,wSL,150,38.254,34.749,34.201,1:47.204
2022-08-04,8:26 PM,wSL,150,36.746,34.887,34.567,1:46.200
2022-08-06,9:42 PM,wSL,150,36.219,33.053,32.870,1:42.142
2022-08-06,9:47 PM,wSL,150,34.395,32.092,32.016,1:38.503
2022-03-18,2:04 AM,wSR,150,42.912,40.604,41.957,2:05.473
2022-03-18,2:32 AM,wSR,150,42.452,38.851,41.698,2:03.001
2022-03-18,2:36 AM,wSR,150,40.890,39.161,40.066,2:00.117
2022-03-18,2:46 AM,wSR,150,41.017,38.275,38.646,1:57.938
2022-03-19,4:27 AM,wSR,150,40.684,38.311,38.920,1:57.915
2022-03-19,4:34 AM,wSR,150,41.013,37.946,38.414,1:57.373
2022-03-20,12:57 AM,wSR,150,40.879,38.080,38.211,1:57.170
2022-03-21,10:27 AM,wSR,150,40.696,38.058,38.104,1:56.858
2022-04-14,8:18 PM,wSR,150,40.591,37.854,37.695,1:56.140
2022-05-05,10:31 PM,wSR,150,40.337,37.359,38.386,1:56.082
2022-08-04,5:49 PM,wSS,150,41.301,57.766,41.684,2:20.751
2022-08-04,5:52 PM,wSS,150,40.954,57.530,37.950,2:16.434
2022-08-05,6:04 PM,wSS,150,40.787,56.730,38.050,2:15.567
2022-08-05,6:16 PM,wSS,150,40.901,55.533,38.167,2:14.601
2022-08-05,6:39 PM,wSS,150,39.851,54.933,38.017,2:12.801
2022-03-18,10:37 AM,wTB,150,32.350,27.912,34.881,1:35.143
2022-03-18,2:14 AM,wTB,150,32.467,28.480,34.945,1:35.892
2022-03-18,3:42 AM,wTB,150,32.140,27.833,35.600,1:35.573
2022-03-18,3:47 AM,wTB,150,32.064,27.946,35.496,1:35.506
2022-03-18,4:58 AM,wTB,150,32.070,27.405,35.904,1:35.379
2022-04-11,6:22 PM,wTB,150,31.849,27.805,34.817,1:34.471
2022-04-28,10:26 PM,wTB,150,31.739,27.015,35.530,1:34.284
2022-03-19,9:14 AM,wTB,200,23.557,20.146,25.248,1:08.951
2022-03-19,9:16 AM,wTB,200,22.745,19.854,25.986,1:08.585
2022-03-21,10:34 AM,wTB,200,22.977,19.746,25.571,1:08.294
2022-03-24,7:43 PM,wTB,200,22.981,19.965,25.298,1:08.244
2022-03-18,10:05 AM,wTC,150,31.570,29.615,29.098,1:30.283
2022-03-18,12:58 AM,wTC,150,31.943,30.308,29.630,1:31.881
2022-03-18,3:28 AM,wTC,150,31.834,29.912,29.786,1:31.532
2022-03-18,4:07 AM,wTC,150,31.796,29.610,29.627,1:31.033
2022-03-19,12:57 AM,wTC,150,31.602,29.489,28.974,1:30.065
2022-03-19,8:58 AM,wTC,150,31.937,29.093,28.892,1:29.922
2022-04-11,8:18 PM,wTC,150,31.203,29.368,28.735,1:29.306
2022-03-19,9:03 AM,wTC,200,22.872,20.682,21.776,1:05.330
2022-03-24,6:37 PM,wTC,200,22.442,20.783,20.650,1:03.875
2022-08-04,5:42 PM,wWP,150,60.031,54.734,54.997,2:49.762
2022-08-04,5:46 PM,wWP,150,54.291,53.811,54.088,2:42.190
2022-08-04,7:53 PM,wWP,150,54.168,52.069,49.822,2:36.059
2022-08-05,6:58 PM,wWP,150,52.267,50.887,50.982,2:34.136
2022-08-05,8:49 PM,wWP,150,52.305,49.465,49.060,2:30.830
2022-08-06,3:40 PM,wWP,150,52.020,49.850,48.930,2:30.800