ID,Track,Time,Version,Items,Speed,Category,Center median,Center offset,Split
22/02/20 (08:001),Start,0.0,No Items,Cartridge,150cc,48 Tracks,0.0,0.0,0:00:00
22/02/20 (08:001),Mario Kart Stadium,135.951707,No Items,Cartridge,150cc,48 Tracks,131.563786,4.387921000000006,0:02:15.951707
22/02/20 (08:001),Water Park,275.3152,No Items,Cartridge,150cc,48 Tracks,269.107498,6.207701999999983,0:04:35.315200
22/02/20 (08:001),Sweet Sweet Canyon,429.08917099999996,No Items,Cartridge,150cc,48 Tracks,417.80575,11.283420999999976,0:07:09.089171
22/02/20 (08:001),Thwomp Ruins,587.876125,No Items,Cartridge,150cc,48 Tracks,569.910976,17.965148999999997,0:09:47.876125
22/02/20 (08:001),Mario Circuit,735.763411,No Items,Cartridge,150cc,48 Tracks,716.107839,19.655572000000006,0:12:15.763411
22/02/20 (08:001),Toad Harbor,903.381832,No Items,Cartridge,150cc,48 Tracks,884.347688,19.034144000000083,0:15:03.381832
22/02/20 (08:001),Twisted Mansion,1061.574384,No Items,Cartridge,150cc,48 Tracks,1041.079151,20.4952330000001,0:17:41.574384
22/02/20 (08:001),Shy Guy Falls,1226.486701,No Items,Cartridge,150cc,48 Tracks,1203.4756720000003,23.01102899999978,0:20:26.486701
22/02/20 (08:001),Sunshine Airport,1387.858764,No Items,Cartridge,150cc,48 Tracks,1362.5928750000003,25.265888999999788,0:23:07.858764
22/02/20 (08:001),Dolphin Shoals,1550.37859,No Items,Cartridge,150cc,48 Tracks,1519.6185790000002,30.76001099999985,0:25:50.378590
22/02/20 (08:001),Electrodrome,1713.404823,No Items,Cartridge,150cc,48 Tracks,1678.6515570000001,34.75326599999994,0:28:33.404823
22/02/20 (08:001),Mount Wario,1862.679952,No Items,Cartridge,150cc,48 Tracks,1824.4383050000001,38.24164699999983,0:31:02.679952
22/02/20 (08:001),Cloudtop Cruise,2028.723882,No Items,Cartridge,150cc,48 Tracks,1986.5405640000001,42.18331799999987,0:33:48.723882
22/02/20 (08:001),Bone-Dry Dunes,2187.848272,No Items,Cartridge,150cc,48 Tracks,2142.423157,45.425115000000005,0:36:27.848272
22/02/20 (08:001),Bowser's Castle,2355.486409,No Items,Cartridge,150cc,48 Tracks,2305.551847,49.934561999999914,0:39:15.486409
22/02/20 (08:001),Rainbow Road,2519.752409,No Items,Cartridge,150cc,48 Tracks,2469.34961,50.40279899999996,0:41:59.752409
22/02/20 (08:001),Wii Moo Moo Meadows,2642.1810370000003,No Items,Cartridge,150cc,48 Tracks,2591.5849550000003,50.596082000000024,0:44:02.181037
22/02/20 (08:001),GBA Mario Circuit,2768.0115650000002,No Items,Cartridge,150cc,48 Tracks,2716.1709600000004,51.84060499999987,0:46:08.011565
22/02/20 (08:001),DS Cheep Cheep Beach,2918.360137,No Items,Cartridge,150cc,48 Tracks,2864.183057,54.17707999999993,0:48:38.360137
22/02/20 (08:001),N64 Toad's Turnpike,3066.090878,No Items,Cartridge,150cc,48 Tracks,3010.3942070000003,55.6966709999997,0:51:06.090878
22/02/20 (08:001),GCN Dry Dry Desert,3241.368269,No Items,Cartridge,150cc,48 Tracks,3179.7165560000003,61.651712999999745,0:54:01.368269
22/02/20 (08:001),SNES Donut Plains 3,3360.532345,No Items,Cartridge,150cc,48 Tracks,3295.5961580000003,64.93618699999979,0:56:00.532345
22/02/20 (08:001),N64 Royal Raceway,3520.537306,No Items,Cartridge,150cc,48 Tracks,3456.2938750000003,64.24343099999987,0:58:40.537306
22/02/20 (08:001),3DS DK Jungle,3684.881561,No Items,Cartridge,150cc,48 Tracks,3619.4200630000005,65.46149799999966,1:01:24.881561
22/02/20 (08:001),DS Wario Stadium,3841.373138,No Items,Cartridge,150cc,48 Tracks,3774.9858310000004,66.38730699999951,1:04:01.373138
22/02/20 (08:001),GCN Sherbet Land,3996.324514,No Items,Cartridge,150cc,48 Tracks,3928.0846100000003,68.23990399999957,1:06:36.324514
22/02/20 (08:001),3DS Music Park,4160.869439,No Items,Cartridge,150cc,48 Tracks,4089.056077,71.81336199999987,1:09:20.869439
22/02/20 (08:001),N64 Yoshi Valley,4325.308603,No Items,Cartridge,150cc,48 Tracks,4248.728456,76.58014700000058,1:12:05.308603
22/02/20 (08:001),DS Tick-Tock Clock,4474.346151000001,No Items,Cartridge,150cc,48 Tracks,4395.904192,78.44195900000068,1:14:34.346151
22/02/20 (08:001),3DS Piranha Plant Slide,4643.089522,No Items,Cartridge,150cc,48 Tracks,4561.594264,81.49525799999992,1:17:23.089522
22/02/20 (08:001),Wii Grumble Volcano,4808.680533000001,No Items,Cartridge,150cc,48 Tracks,4717.089341,91.59119200000077,1:20:08.680533
22/02/20 (08:001),N64 Rainbow Road,4923.904467,No Items,Cartridge,150cc,48 Tracks,4831.465509,92.43895800000064,1:22:03.904467
22/02/20 (08:001),GCN Yoshi Circuit,5077.495399,No Items,Cartridge,150cc,48 Tracks,4980.426326,97.06907300000057,1:24:37.495399
22/02/20 (08:001),Excitebike Arena,5221.506801,No Items,Cartridge,150cc,48 Tracks,5123.156116,98.35068500000034,1:27:01.506801
22/02/20 (08:001),Dragon Driftway,5372.2364370000005,No Items,Cartridge,150cc,48 Tracks,5271.952265,100.28417200000058,1:29:32.236437
22/02/20 (08:001),Mute City,5526.918362,No Items,Cartridge,150cc,48 Tracks,5424.148803,102.7695590000003,1:32:06.918362
22/02/20 (08:001),Wii Wario's Gold Mine,5692.702913,No Items,Cartridge,150cc,48 Tracks,5585.863469,106.83944400000019,1:34:52.702913
22/02/20 (08:001),SNES Rainbow Road,5824.871991,No Items,Cartridge,150cc,48 Tracks,5710.982153,113.88983800000005,1:37:04.871991
22/02/20 (08:001),Ice Ice Outpost,5979.919275,No Items,Cartridge,150cc,48 Tracks,5860.346265,119.57301000000007,1:39:39.919275
22/02/20 (08:001),Hyrule Circuit,6138.932402,No Items,Cartridge,150cc,48 Tracks,6014.13263,124.7997720000003,1:42:18.932402
22/02/20 (08:001),GCN Baby Park,6239.331229,No Items,Cartridge,150cc,48 Tracks,6114.322981,125.0082480000001,1:43:59.331229
22/02/20 (08:001),GBA Cheese Land,6393.011407,No Items,Cartridge,150cc,48 Tracks,6266.618675000001,126.39273199999934,1:46:33.011407
22/02/20 (08:001),Wild Woods,6542.600732,No Items,Cartridge,150cc,48 Tracks,6412.4786970000005,130.1220349999994,1:49:02.600732
22/02/20 (08:001),Animal Crossing,6684.188382,No Items,Cartridge,150cc,48 Tracks,6561.658051,122.53033099999993,1:51:24.188382
22/02/20 (08:001),3DS Neo Bowser City,6839.383462000001,No Items,Cartridge,150cc,48 Tracks,6714.048377,125.33508500000062,1:53:59.383462
22/02/20 (08:001),GBA Ribbon Road,6991.5947510000005,No Items,Cartridge,150cc,48 Tracks,6871.854218,119.74053300000014,1:56:31.594751
22/02/20 (08:001),Super Bell Subway,7142.543704000001,No Items,Cartridge,150cc,48 Tracks,7021.344319000001,121.1993849999999,1:59:02.543704
22/02/20 (08:001),Big Blue,7266.128033000001,No Items,Cartridge,150cc,48 Tracks,7142.956953000001,123.17108000000007,2:01:06.128033
22/02/23 (08:002),Start,0.0,No Items,Cartridge,150cc,48 Tracks,0.0,0.0,0:00:00
22/02/23 (08:002),Mario Kart Stadium,130.313486,No Items,Cartridge,150cc,48 Tracks,131.563786,-1.2502999999999815,0:02:10.313486
22/02/23 (08:002),Water Park,269.107498,No Items,Cartridge,150cc,48 Tracks,269.107498,0.0,0:04:29.107498
22/02/23 (08:002),Sweet Sweet Canyon,417.80575,No Items,Cartridge,150cc,48 Tracks,417.80575,0.0,0:06:57.805750
22/02/23 (08:002),Thwomp Ruins,569.910976,No Items,Cartridge,150cc,48 Tracks,569.910976,0.0,0:09:29.910976
22/02/23 (08:002),Mario Circuit,717.3775909999999,No Items,Cartridge,150cc,48 Tracks,716.107839,1.2697519999999258,0:11:57.377591
22/02/23 (08:002),Toad Harbor,884.347688,No Items,Cartridge,150cc,48 Tracks,884.347688,0.0,0:14:44.347688
22/02/23 (08:002),Twisted Mansion,1041.079151,No Items,Cartridge,150cc,48 Tracks,1041.079151,0.0,0:17:21.079151
22/02/23 (08:002),Shy Guy Falls,1204.40689,No Items,Cartridge,150cc,48 Tracks,1203.4756720000003,0.931217999999717,0:20:04.406890
22/02/23 (08:002),Sunshine Airport,1367.730102,No Items,Cartridge,150cc,48 Tracks,1362.5928750000003,5.1372269999997116,0:22:47.730102
22/02/23 (08:002),Dolphin Shoals,1525.78471,No Items,Cartridge,150cc,48 Tracks,1519.6185790000002,6.166130999999723,0:25:25.784710
22/02/23 (08:002),Electrodrome,1687.650872,No Items,Cartridge,150cc,48 Tracks,1678.6515570000001,8.999314999999797,0:28:07.650872
22/02/23 (08:002),Mount Wario,1837.88239,No Items,Cartridge,150cc,48 Tracks,1824.4383050000001,13.444084999999859,0:30:37.882390
22/02/23 (08:002),Cloudtop Cruise,1998.211643,No Items,Cartridge,150cc,48 Tracks,1986.5405640000001,11.671078999999963,0:33:18.211643
22/02/23 (08:002),Bone-Dry Dunes,2156.729829,No Items,Cartridge,150cc,48 Tracks,2142.423157,14.306671999999708,0:35:56.729829
22/02/23 (08:002),Bowser's Castle,2328.369269,No Items,Cartridge,150cc,48 Tracks,2305.551847,22.817421999999624,0:38:48.369269
22/02/23 (08:002),Rainbow Road,2495.1936809999997,No Items,Cartridge,150cc,48 Tracks,2469.34961,25.84407099999953,0:41:35.193681
22/02/23 (08:002),Wii Moo Moo Meadows,2619.3660339999997,No Items,Cartridge,150cc,48 Tracks,2591.5849550000003,27.78107899999941,0:43:39.366034
22/02/23 (08:002),GBA Mario Circuit,2744.720763,No Items,Cartridge,150cc,48 Tracks,2716.1709600000004,28.54980299999943,0:45:44.720763
22/02/23 (08:002),DS Cheep Cheep Beach,2892.947795,No Items,Cartridge,150cc,48 Tracks,2864.183057,28.764737999999852,0:48:12.947795
22/02/23 (08:002),N64 Toad's Turnpike,3040.0154,No Items,Cartridge,150cc,48 Tracks,3010.3942070000003,29.62119299999995,0:50:40.015400
22/02/23 (08:002),GCN Dry Dry Desert,3213.961795,No Items,Cartridge,150cc,48 Tracks,3179.7165560000003,34.245238999999856,0:53:33.961795
22/02/23 (08:002),SNES Donut Plains 3,3334.5136810000004,No Items,Cartridge,150cc,48 Tracks,3295.5961580000003,38.917523000000074,0:55:34.513681
22/02/23 (08:002),N64 Royal Raceway,3494.7164860000003,No Items,Cartridge,150cc,48 Tracks,3456.2938750000003,38.42261099999996,0:58:14.716486
22/02/23 (08:002),3DS DK Jungle,3657.600906,No Items,Cartridge,150cc,48 Tracks,3619.4200630000005,38.18084299999964,1:00:57.600906
22/02/23 (08:002),DS Wario Stadium,3814.523569,No Items,Cartridge,150cc,48 Tracks,3774.9858310000004,39.537737999999536,1:03:34.523569
22/02/23 (08:002),GCN Sherbet Land,3968.356532,No Items,Cartridge,150cc,48 Tracks,3928.0846100000003,40.27192199999945,1:06:08.356532
22/02/23 (08:002),3DS Music Park,4128.380658,No Items,Cartridge,150cc,48 Tracks,4089.056077,39.32458099999985,1:08:48.380658
22/02/23 (08:002),N64 Yoshi Valley,4288.321725,No Items,Cartridge,150cc,48 Tracks,4248.728456,39.593268999999964,1:11:28.321725
22/02/23 (08:002),DS Tick-Tock Clock,4438.9565489999995,No Items,Cartridge,150cc,48 Tracks,4395.904192,43.052356999999574,1:13:58.956549
22/02/23 (08:002),3DS Piranha Plant Slide,4607.186782,No Items,Cartridge,150cc,48 Tracks,4561.594264,45.59251799999947,1:16:47.186782
22/02/23 (08:002),Wii Grumble Volcano,4764.630096,No Items,Cartridge,150cc,48 Tracks,4717.089341,47.54075499999999,1:19:24.630096
22/02/23 (08:002),N64 Rainbow Road,4879.10929,No Items,Cartridge,150cc,48 Tracks,4831.465509,47.64378100000067,1:21:19.109290
22/02/23 (08:002),GCN Yoshi Circuit,5034.798814000001,No Items,Cartridge,150cc,48 Tracks,4980.426326,54.372488000000885,1:23:54.798814
22/02/23 (08:002),Excitebike Arena,5181.702897000001,No Items,Cartridge,150cc,48 Tracks,5123.156116,58.54678100000092,1:26:21.702897
22/02/23 (08:002),Dragon Driftway,5331.818481000001,No Items,Cartridge,150cc,48 Tracks,5271.952265,59.86621600000126,1:28:51.818481
22/02/23 (08:002),Mute City,5487.892286000001,No Items,Cartridge,150cc,48 Tracks,5424.148803,63.743483000001106,1:31:27.892286
22/02/23 (08:002),Wii Wario's Gold Mine,5649.314179000001,No Items,Cartridge,150cc,48 Tracks,5585.863469,63.45071000000098,1:34:09.314179
22/02/23 (08:002),SNES Rainbow Road,5779.61303,No Items,Cartridge,150cc,48 Tracks,5710.982153,68.63087700000051,1:36:19.613030
22/02/23 (08:002),Ice Ice Outpost,5930.569176000001,No Items,Cartridge,150cc,48 Tracks,5860.346265,70.22291100000075,1:38:50.569176
22/02/23 (08:002),Hyrule Circuit,6085.464158000001,No Items,Cartridge,150cc,48 Tracks,6014.13263,71.33152800000062,1:41:25.464158
22/02/23 (08:002),GCN Baby Park,6186.005704000001,No Items,Cartridge,150cc,48 Tracks,6114.322981,71.6827230000008,1:43:06.005704
22/02/23 (08:002),GBA Cheese Land,6341.595949000001,No Items,Cartridge,150cc,48 Tracks,6266.618675000001,74.97727400000076,1:45:41.595949
22/02/23 (08:002),Wild Woods,6488.8077950000015,No Items,Cartridge,150cc,48 Tracks,6412.4786970000005,76.32909800000107,1:48:08.807795
22/02/23 (08:002),Animal Crossing,6629.506022000001,No Items,Cartridge,150cc,48 Tracks,6561.658051,67.84797100000105,1:50:29.506022
22/02/23 (08:002),3DS Neo Bowser City,6786.760237000001,No Items,Cartridge,150cc,48 Tracks,6714.048377,72.71186000000125,1:53:06.760237
22/02/23 (08:002),GBA Ribbon Road,6946.417636000001,No Items,Cartridge,150cc,48 Tracks,6871.854218,74.56341800000064,1:55:46.417636
22/02/23 (08:002),Super Bell Subway,7099.639945000001,No Items,Cartridge,150cc,48 Tracks,7021.344319000001,78.29562600000008,1:58:19.639945
22/02/23 (08:002),Big Blue,7222.9940990000005,No Items,Cartridge,150cc,48 Tracks,7142.956953000001,80.03714599999967,2:00:22.994099
22/02/25 (08:003),Start,0.0,No Items,Cartridge,150cc,48 Tracks,0.0,0.0,0:00:00
22/02/25 (08:003),Mario Kart Stadium,132.745151,No Items,Cartridge,150cc,48 Tracks,131.563786,1.1813649999999996,0:02:12.745151
22/02/25 (08:003),Water Park,272.45187799999997,No Items,Cartridge,150cc,48 Tracks,269.107498,3.344379999999944,0:04:32.451878
22/02/25 (08:003),Sweet Sweet Canyon,420.182961,No Items,Cartridge,150cc,48 Tracks,417.80575,2.3772109999999884,0:07:00.182961
22/02/25 (08:003),Thwomp Ruins,572.029997,No Items,Cartridge,150cc,48 Tracks,569.910976,2.119020999999975,0:09:32.029997
22/02/25 (08:003),Mario Circuit,719.688328,No Items,Cartridge,150cc,48 Tracks,716.107839,3.580488999999943,0:11:59.688328
22/02/25 (08:003),Toad Harbor,890.6498359999999,No Items,Cartridge,150cc,48 Tracks,884.347688,6.302147999999988,0:14:50.649836
22/02/25 (08:003),Twisted Mansion,1048.167138,No Items,Cartridge,150cc,48 Tracks,1041.079151,7.087987000000112,0:17:28.167138
22/02/25 (08:003),Shy Guy Falls,1210.873424,No Items,Cartridge,150cc,48 Tracks,1203.4756720000003,7.397751999999855,0:20:10.873424
22/02/25 (08:003),Sunshine Airport,1375.0630820000001,No Items,Cartridge,150cc,48 Tracks,1362.5928750000003,12.470206999999846,0:22:55.063082
22/02/25 (08:003),Dolphin Shoals,1533.9765980000002,No Items,Cartridge,150cc,48 Tracks,1519.6185790000002,14.358019000000013,0:25:33.976598
22/02/25 (08:003),Electrodrome,1693.864477,No Items,Cartridge,150cc,48 Tracks,1678.6515570000001,15.21291999999994,0:28:13.864477
22/02/25 (08:003),Mount Wario,1843.1640180000002,No Items,Cartridge,150cc,48 Tracks,1824.4383050000001,18.72571300000004,0:30:43.164018
22/02/25 (08:003),Cloudtop Cruise,2005.2240490000002,No Items,Cartridge,150cc,48 Tracks,1986.5405640000001,18.68348500000002,0:33:25.224049
22/02/25 (08:003),Bone-Dry Dunes,2160.841167,No Items,Cartridge,150cc,48 Tracks,2142.423157,18.418009999999867,0:36:00.841167
22/02/25 (08:003),Bowser's Castle,2325.70806,No Items,Cartridge,150cc,48 Tracks,2305.551847,20.156212999999752,0:38:45.708060
22/02/25 (08:003),Rainbow Road,2493.537539,No Items,Cartridge,150cc,48 Tracks,2469.34961,24.187928999999713,0:41:33.537539
22/02/25 (08:003),Wii Moo Moo Meadows,2615.966493,No Items,Cartridge,150cc,48 Tracks,2591.5849550000003,24.381537999999637,0:43:35.966493
22/02/25 (08:003),GBA Mario Circuit,2742.166007,No Items,Cartridge,150cc,48 Tracks,2716.1709600000004,25.99504699999943,0:45:42.166007
22/02/25 (08:003),DS Cheep Cheep Beach,2890.564515,No Items,Cartridge,150cc,48 Tracks,2864.183057,26.38145799999984,0:48:10.564515
22/02/25 (08:003),N64 Toad's Turnpike,3037.075594,No Items,Cartridge,150cc,48 Tracks,3010.3942070000003,26.68138699999963,0:50:37.075594
22/02/25 (08:003),GCN Dry Dry Desert,3215.453337,No Items,Cartridge,150cc,48 Tracks,3179.7165560000003,35.73678099999961,0:53:35.453337
22/02/25 (08:003),SNES Donut Plains 3,3333.670542,No Items,Cartridge,150cc,48 Tracks,3295.5961580000003,38.074383999999554,0:55:33.670542
22/02/25 (08:003),N64 Royal Raceway,3492.7837259999997,No Items,Cartridge,150cc,48 Tracks,3456.2938750000003,36.48985099999936,0:58:12.783726
22/02/25 (08:003),3DS DK Jungle,3656.22385,No Items,Cartridge,150cc,48 Tracks,3619.4200630000005,36.803786999999375,1:00:56.223850
22/02/25 (08:003),DS Wario Stadium,3811.091887,No Items,Cartridge,150cc,48 Tracks,3774.9858310000004,36.106055999999626,1:03:31.091887
22/02/25 (08:003),GCN Sherbet Land,3963.878348,No Items,Cartridge,150cc,48 Tracks,3928.0846100000003,35.79373799999985,1:06:03.878348
22/02/25 (08:003),3DS Music Park,4126.683588,No Items,Cartridge,150cc,48 Tracks,4089.056077,37.627510999999686,1:08:46.683588
22/02/25 (08:003),N64 Yoshi Valley,4286.070697,No Items,Cartridge,150cc,48 Tracks,4248.728456,37.342241000000286,1:11:26.070697
22/02/25 (08:003),DS Tick-Tock Clock,4434.893543,No Items,Cartridge,150cc,48 Tracks,4395.904192,38.98935100000017,1:13:54.893543
22/02/25 (08:003),3DS Piranha Plant Slide,4601.57496,No Items,Cartridge,150cc,48 Tracks,4561.594264,39.980695999999625,1:16:41.574960
22/02/25 (08:003),Wii Grumble Volcano,4762.016899,No Items,Cartridge,150cc,48 Tracks,4717.089341,44.92755800000032,1:19:22.016899
22/02/25 (08:003),N64 Rainbow Road,4877.417825,No Items,Cartridge,150cc,48 Tracks,4831.465509,45.95231600000079,1:21:17.417825
22/02/25 (08:003),GCN Yoshi Circuit,5029.720028000001,No Items,Cartridge,150cc,48 Tracks,4980.426326,49.29370200000085,1:23:49.720028
22/02/25 (08:003),Excitebike Arena,5172.220598000001,No Items,Cartridge,150cc,48 Tracks,5123.156116,49.06448200000068,1:26:12.220598
22/02/25 (08:003),Dragon Driftway,5321.413493000001,No Items,Cartridge,150cc,48 Tracks,5271.952265,49.46122800000103,1:28:41.413493
22/02/25 (08:003),Mute City,5475.3378680000005,No Items,Cartridge,150cc,48 Tracks,5424.148803,51.18906500000048,1:31:15.337868
22/02/25 (08:003),Wii Wario's Gold Mine,5637.797973000001,No Items,Cartridge,150cc,48 Tracks,5585.863469,51.93450400000074,1:33:57.797973
22/02/25 (08:003),SNES Rainbow Road,5769.742331,No Items,Cartridge,150cc,48 Tracks,5710.982153,58.76017800000045,1:36:09.742331
22/02/25 (08:003),Ice Ice Outpost,5922.857271000001,No Items,Cartridge,150cc,48 Tracks,5860.346265,62.511006000000634,1:38:42.857271
22/02/25 (08:003),Hyrule Circuit,6081.036659,No Items,Cartridge,150cc,48 Tracks,6014.13263,66.90402900000026,1:41:21.036659
22/02/25 (08:003),GCN Baby Park,6181.180015,No Items,Cartridge,150cc,48 Tracks,6114.322981,66.85703399999966,1:43:01.180015
22/02/25 (08:003),GBA Cheese Land,6337.731305,No Items,Cartridge,150cc,48 Tracks,6266.618675000001,71.11262999999963,1:45:37.731305
22/02/25 (08:003),Wild Woods,6485.08024,No Items,Cartridge,150cc,48 Tracks,6412.4786970000005,72.60154299999977,1:48:05.080240
22/02/25 (08:003),Animal Crossing,6625.506665,No Items,Cartridge,150cc,48 Tracks,6561.658051,63.84861399999954,1:50:25.506665
22/02/25 (08:003),3DS Neo Bowser City,6776.828667,No Items,Cartridge,150cc,48 Tracks,6714.048377,62.780289999999695,1:52:56.828667
22/02/25 (08:003),GBA Ribbon Road,6931.283407999999,No Items,Cartridge,150cc,48 Tracks,6871.854218,59.429189999998925,1:55:31.283408
22/02/25 (08:003),Super Bell Subway,7081.777743999999,No Items,Cartridge,150cc,48 Tracks,7021.344319000001,60.43342499999835,1:58:01.777744
22/02/25 (08:003),Big Blue,7205.880080999999,No Items,Cartridge,150cc,48 Tracks,7142.956953000001,62.92312799999854,2:00:05.880081
22/02/27 (08:004),Start,0.0,No Items,Cartridge,150cc,48 Tracks,0.0,0.0,0:00:00
22/02/27 (08:004),Mario Kart Stadium,131.964295,No Items,Cartridge,150cc,48 Tracks,131.563786,0.40050899999999956,0:02:11.964295
22/02/27 (08:004),Water Park,273.062002,No Items,Cartridge,150cc,48 Tracks,269.107498,3.954503999999986,0:04:33.062002
22/02/27 (08:004),Sweet Sweet Canyon,420.991947,No Items,Cartridge,150cc,48 Tracks,417.80575,3.186196999999993,0:07:00.991947
22/02/27 (08:004),Thwomp Ruins,572.503151,No Items,Cartridge,150cc,48 Tracks,569.910976,2.5921749999999975,0:09:32.503151
22/02/27 (08:004),Mario Circuit,718.656746,No Items,Cartridge,150cc,48 Tracks,716.107839,2.5489069999999856,0:11:58.656746
22/02/27 (08:004),Toad Harbor,885.7844709999999,No Items,Cartridge,150cc,48 Tracks,884.347688,1.4367829999999913,0:14:45.784471
22/02/27 (08:004),Twisted Mansion,1041.588076,No Items,Cartridge,150cc,48 Tracks,1041.079151,0.5089250000000902,0:17:21.588076
22/02/27 (08:004),Shy Guy Falls,1207.578328,No Items,Cartridge,150cc,48 Tracks,1203.4756720000003,4.102655999999797,0:20:07.578328
22/02/27 (08:004),Sunshine Airport,1367.155918,No Items,Cartridge,150cc,48 Tracks,1362.5928750000003,4.563042999999652,0:22:47.155918
22/02/27 (08:004),Dolphin Shoals,1524.5351859999998,No Items,Cartridge,150cc,48 Tracks,1519.6185790000002,4.916606999999658,0:25:24.535186
22/02/27 (08:004),Electrodrome,1684.9134009999998,No Items,Cartridge,150cc,48 Tracks,1678.6515570000001,6.261843999999655,0:28:04.913401
22/02/27 (08:004),Mount Wario,1831.7520179999997,No Items,Cartridge,150cc,48 Tracks,1824.4383050000001,7.313712999999552,0:30:31.752018
22/02/27 (08:004),Cloudtop Cruise,1998.7738389999997,No Items,Cartridge,150cc,48 Tracks,1986.5405640000001,12.233274999999594,0:33:18.773839
22/02/27 (08:004),Bone-Dry Dunes,2156.4401749999997,No Items,Cartridge,150cc,48 Tracks,2142.423157,14.017017999999553,0:35:56.440175
22/02/27 (08:004),Bowser's Castle,2321.5722459999997,No Items,Cartridge,150cc,48 Tracks,2305.551847,16.020398999999543,0:38:41.572246
22/02/27 (08:004),Rainbow Road,2491.7065759999996,No Items,Cartridge,150cc,48 Tracks,2469.34961,22.356965999999375,0:41:31.706576
22/02/27 (08:004),Wii Moo Moo Meadows,2614.1478649999995,No Items,Cartridge,150cc,48 Tracks,2591.5849550000003,22.562909999999192,0:43:34.147865
22/02/27 (08:004),GBA Mario Circuit,2740.9071529999997,No Items,Cartridge,150cc,48 Tracks,2716.1709600000004,24.736192999999275,0:45:40.907153
22/02/27 (08:004),DS Cheep Cheep Beach,2889.1103459999995,No Items,Cartridge,150cc,48 Tracks,2864.183057,24.92728899999929,0:48:09.110346
22/02/27 (08:004),N64 Toad's Turnpike,3035.0078129999993,No Items,Cartridge,150cc,48 Tracks,3010.3942070000003,24.61360599999898,0:50:35.007813
22/02/27 (08:004),GCN Dry Dry Desert,3207.433245999999,No Items,Cartridge,150cc,48 Tracks,3179.7165560000003,27.716689999998835,0:53:27.433246
22/02/27 (08:004),SNES Donut Plains 3,3322.831066999999,No Items,Cartridge,150cc,48 Tracks,3295.5961580000003,27.23490899999888,0:55:22.831067
22/02/27 (08:004),N64 Royal Raceway,3481.337871999999,No Items,Cartridge,150cc,48 Tracks,3456.2938750000003,25.043996999998853,0:58:01.337872
22/02/27 (08:004),3DS DK Jungle,3644.0972389999993,No Items,Cartridge,150cc,48 Tracks,3619.4200630000005,24.67717599999878,1:00:44.097239
22/02/27 (08:004),DS Wario Stadium,3798.905431999999,No Items,Cartridge,150cc,48 Tracks,3774.9858310000004,23.919600999998693,1:03:18.905432
22/02/27 (08:004),GCN Sherbet Land,3951.880827999999,No Items,Cartridge,150cc,48 Tracks,3928.0846100000003,23.79621799999859,1:05:51.880828
22/02/27 (08:004),3DS Music Park,4113.994808999999,No Items,Cartridge,150cc,48 Tracks,4089.056077,24.93873199999871,1:08:33.994809
22/02/27 (08:004),N64 Yoshi Valley,4272.6713949999985,No Items,Cartridge,150cc,48 Tracks,4248.728456,23.94293899999866,1:11:12.671395
22/02/27 (08:004),DS Tick-Tock Clock,4422.665636999998,No Items,Cartridge,150cc,48 Tracks,4395.904192,26.761444999998275,1:13:42.665637
22/02/27 (08:004),3DS Piranha Plant Slide,4588.4230849999985,No Items,Cartridge,150cc,48 Tracks,4561.594264,26.828820999998243,1:16:28.423085
22/02/27 (08:004),Wii Grumble Volcano,4746.122052999998,No Items,Cartridge,150cc,48 Tracks,4717.089341,29.032711999998355,1:19:06.122053
22/02/27 (08:004),N64 Rainbow Road,4860.544679999998,No Items,Cartridge,150cc,48 Tracks,4831.465509,29.079170999998496,1:21:00.544680
22/02/27 (08:004),GCN Yoshi Circuit,5012.828060999998,No Items,Cartridge,150cc,48 Tracks,4980.426326,32.40173499999855,1:23:32.828061
22/02/27 (08:004),Excitebike Arena,5157.524253999998,No Items,Cartridge,150cc,48 Tracks,5123.156116,34.368137999998,1:25:57.524254
22/02/27 (08:004),Dragon Driftway,5304.987941999998,No Items,Cartridge,150cc,48 Tracks,5271.952265,33.03567699999803,1:28:24.987942
22/02/27 (08:004),Mute City,5458.173587999998,No Items,Cartridge,150cc,48 Tracks,5424.148803,34.02478499999779,1:30:58.173588
22/02/27 (08:004),Wii Wario's Gold Mine,5620.8481619999975,No Items,Cartridge,150cc,48 Tracks,5585.863469,34.984692999997606,1:33:40.848162
22/02/27 (08:004),SNES Rainbow Road,5752.773134999998,No Items,Cartridge,150cc,48 Tracks,5710.982153,41.79098199999771,1:35:52.773135
22/02/27 (08:004),Ice Ice Outpost,5902.321284999997,No Items,Cartridge,150cc,48 Tracks,5860.346265,41.97501999999713,1:38:22.321285
22/02/27 (08:004),Hyrule Circuit,6055.061356999997,No Items,Cartridge,150cc,48 Tracks,6014.13263,40.9287269999968,1:40:55.061357
22/02/27 (08:004),GCN Baby Park,6154.934957999997,No Items,Cartridge,150cc,48 Tracks,6114.322981,40.61197699999684,1:42:34.934958
22/02/27 (08:004),GBA Cheese Land,6306.266588999997,No Items,Cartridge,150cc,48 Tracks,6266.618675000001,39.64791399999649,1:45:06.266589
22/02/27 (08:004),Wild Woods,6453.5301169999975,No Items,Cartridge,150cc,48 Tracks,6412.4786970000005,41.05141999999705,1:47:33.530117
22/02/27 (08:004),Animal Crossing,6603.499568999998,No Items,Cartridge,150cc,48 Tracks,6561.658051,41.84151799999745,1:50:03.499569
22/02/27 (08:004),3DS Neo Bowser City,6763.622591999998,No Items,Cartridge,150cc,48 Tracks,6714.048377,49.57421499999782,1:52:43.622592
22/02/27 (08:004),GBA Ribbon Road,6916.970517999998,No Items,Cartridge,150cc,48 Tracks,6871.854218,45.116299999997864,1:55:16.970518
22/02/27 (08:004),Super Bell Subway,7068.405611999999,No Items,Cartridge,150cc,48 Tracks,7021.344319000001,47.06129299999793,1:57:48.405612
22/02/27 (08:004),Big Blue,7190.1819879999985,No Items,Cartridge,150cc,48 Tracks,7142.956953000001,47.22503499999766,1:59:50.181988
22/03/07 (08:005),Start,0.0,No Items,Cartridge,150cc,48 Tracks,0.0,0.0,0:00:00
22/03/07 (08:005),Mario Kart Stadium,132.839551,No Items,Cartridge,150cc,48 Tracks,131.563786,1.275765000000007,0:02:12.839551
22/03/07 (08:005),Water Park,269.69305499999996,No Items,Cartridge,150cc,48 Tracks,269.107498,0.5855569999999375,0:04:29.693055
22/03/07 (08:005),Sweet Sweet Canyon,418.58229499999993,No Items,Cartridge,150cc,48 Tracks,417.80575,0.7765449999999419,0:06:58.582295
22/03/07 (08:005),Thwomp Ruins,574.1427489999999,No Items,Cartridge,150cc,48 Tracks,569.910976,4.231772999999862,0:09:34.142749
22/03/07 (08:005),Mario Circuit,720.4113619999998,No Items,Cartridge,150cc,48 Tracks,716.107839,4.303522999999814,0:12:00.411362
22/03/07 (08:005),Toad Harbor,887.4428689999999,No Items,Cartridge,150cc,48 Tracks,884.347688,3.0951809999999114,0:14:47.442869
22/03/07 (08:005),Twisted Mansion,1045.195873,No Items,Cartridge,150cc,48 Tracks,1041.079151,4.116721999999982,0:17:25.195873
22/03/07 (08:005),Shy Guy Falls,1208.1620589999998,No Items,Cartridge,150cc,48 Tracks,1203.4756720000003,4.686386999999513,0:20:08.162059
22/03/07 (08:005),Sunshine Airport,1369.1392979999998,No Items,Cartridge,150cc,48 Tracks,1362.5928750000003,6.54642299999955,0:22:49.139298
22/03/07 (08:005),Dolphin Shoals,1528.771147,No Items,Cartridge,150cc,48 Tracks,1519.6185790000002,9.152567999999746,0:25:28.771147
22/03/07 (08:005),Electrodrome,1690.728564,No Items,Cartridge,150cc,48 Tracks,1678.6515570000001,12.077006999999867,0:28:10.728564
22/03/07 (08:005),Mount Wario,1837.543545,No Items,Cartridge,150cc,48 Tracks,1824.4383050000001,13.105239999999867,0:30:37.543545
22/03/07 (08:005),Cloudtop Cruise,2001.454224,No Items,Cartridge,150cc,48 Tracks,1986.5405640000001,14.913659999999936,0:33:21.454224
22/03/07 (08:005),Bone-Dry Dunes,2158.853036,No Items,Cartridge,150cc,48 Tracks,2142.423157,16.4298789999998,0:35:58.853036
22/03/07 (08:005),Bowser's Castle,2323.82192,No Items,Cartridge,150cc,48 Tracks,2305.551847,18.270072999999684,0:38:43.821920
22/03/07 (08:005),Rainbow Road,2487.1117409999997,No Items,Cartridge,150cc,48 Tracks,2469.34961,17.7621309999995,0:41:27.111741
22/03/07 (08:005),Wii Moo Moo Meadows,2609.1382249999997,No Items,Cartridge,150cc,48 Tracks,2591.5849550000003,17.55326999999943,0:43:29.138225
22/03/07 (08:005),GBA Mario Circuit,2734.4726229999997,No Items,Cartridge,150cc,48 Tracks,2716.1709600000004,18.30166299999928,0:45:34.472623
22/03/07 (08:005),DS Cheep Cheep Beach,2881.2700749999995,No Items,Cartridge,150cc,48 Tracks,2864.183057,17.08701799999926,0:48:01.270075
22/03/07 (08:005),N64 Toad's Turnpike,3029.5829109999995,No Items,Cartridge,150cc,48 Tracks,3010.3942070000003,19.188703999999234,0:50:29.582911
22/03/07 (08:005),GCN Dry Dry Desert,3197.6211489999996,No Items,Cartridge,150cc,48 Tracks,3179.7165560000003,17.904592999999295,0:53:17.621149
22/03/07 (08:005),SNES Donut Plains 3,3317.4535419999997,No Items,Cartridge,150cc,48 Tracks,3295.5961580000003,21.857383999999456,0:55:17.453542
22/03/07 (08:005),N64 Royal Raceway,3477.9635879999996,No Items,Cartridge,150cc,48 Tracks,3456.2938750000003,21.66971299999932,0:57:57.963588
22/03/07 (08:005),3DS DK Jungle,3640.735711,No Items,Cartridge,150cc,48 Tracks,3619.4200630000005,21.315647999999328,1:00:40.735711
22/03/07 (08:005),DS Wario Stadium,3796.92413,No Items,Cartridge,150cc,48 Tracks,3774.9858310000004,21.93829899999946,1:03:16.924130
22/03/07 (08:005),GCN Sherbet Land,3950.322163,No Items,Cartridge,150cc,48 Tracks,3928.0846100000003,22.23755299999948,1:05:50.322163
22/03/07 (08:005),3DS Music Park,4112.982571,No Items,Cartridge,150cc,48 Tracks,4089.056077,23.926493999999366,1:08:32.982571
22/03/07 (08:005),N64 Yoshi Valley,4272.498331999999,No Items,Cartridge,150cc,48 Tracks,4248.728456,23.769875999999385,1:11:12.498332
22/03/07 (08:005),DS Tick-Tock Clock,4423.148585999999,No Items,Cartridge,150cc,48 Tracks,4395.904192,27.244393999999375,1:13:43.148586
22/03/07 (08:005),3DS Piranha Plant Slide,4589.988167999999,No Items,Cartridge,150cc,48 Tracks,4561.594264,28.393903999998656,1:16:29.988168
22/03/07 (08:005),Wii Grumble Volcano,4751.520001999999,No Items,Cartridge,150cc,48 Tracks,4717.089341,34.43066099999942,1:19:11.520002
22/03/07 (08:005),N64 Rainbow Road,4867.368315999999,No Items,Cartridge,150cc,48 Tracks,4831.465509,35.902806999999484,1:21:07.368316
22/03/07 (08:005),GCN Yoshi Circuit,5024.3855269999995,No Items,Cartridge,150cc,48 Tracks,4980.426326,43.959200999999666,1:23:44.385527
22/03/07 (08:005),Excitebike Arena,5171.462699999999,No Items,Cartridge,150cc,48 Tracks,5123.156116,48.30658399999902,1:26:11.462700
22/03/07 (08:005),Dragon Driftway,5319.2353969999995,No Items,Cartridge,150cc,48 Tracks,5271.952265,47.28313199999957,1:28:39.235397
22/03/07 (08:005),Mute City,5473.194023999999,No Items,Cartridge,150cc,48 Tracks,5424.148803,49.0452209999994,1:31:13.194024
22/03/07 (08:005),Wii Wario's Gold Mine,5639.3649749999995,No Items,Cartridge,150cc,48 Tracks,5585.863469,53.50150599999961,1:33:59.364975
22/03/07 (08:005),SNES Rainbow Road,5769.580687,No Items,Cartridge,150cc,48 Tracks,5710.982153,58.598533999999745,1:36:09.580687
22/03/07 (08:005),Ice Ice Outpost,5919.527278,No Items,Cartridge,150cc,48 Tracks,5860.346265,59.18101299999944,1:38:39.527278
22/03/07 (08:005),Hyrule Circuit,6075.437776999999,No Items,Cartridge,150cc,48 Tracks,6014.13263,61.305146999999124,1:41:15.437777
22/03/07 (08:005),GCN Baby Park,6177.052848999999,No Items,Cartridge,150cc,48 Tracks,6114.322981,62.72986799999853,1:42:57.052849
22/03/07 (08:005),GBA Cheese Land,6336.804387999999,No Items,Cartridge,150cc,48 Tracks,6266.618675000001,70.18571299999803,1:45:36.804388
22/03/07 (08:005),Wild Woods,6487.118782999999,No Items,Cartridge,150cc,48 Tracks,6412.4786970000005,74.64008599999852,1:48:07.118783
22/03/07 (08:005),Animal Crossing,6638.243565999999,No Items,Cartridge,150cc,48 Tracks,6561.658051,76.58551499999885,1:50:38.243566
22/03/07 (08:005),3DS Neo Bowser City,6793.167184999999,No Items,Cartridge,150cc,48 Tracks,6714.048377,79.11880799999926,1:53:13.167185
22/03/07 (08:005),GBA Ribbon Road,6944.6802529999995,No Items,Cartridge,150cc,48 Tracks,6871.854218,72.82603499999914,1:55:44.680253
22/03/07 (08:005),Super Bell Subway,7096.205545999999,No Items,Cartridge,150cc,48 Tracks,7021.344319000001,74.86122699999851,1:58:16.205546
22/03/07 (08:005),Big Blue,7219.229146,No Items,Cartridge,150cc,48 Tracks,7142.956953000001,76.27219299999888,2:00:19.229146
22/03/13 (08:006),Start,0.0,No Items,Cartridge,150cc,48 Tracks,0.0,0.0,0:00:00
22/03/13 (08:006),Mario Kart Stadium,131.753976,No Items,Cartridge,150cc,48 Tracks,131.563786,0.1901900000000012,0:02:11.753976
22/03/13 (08:006),Water Park,269.265533,No Items,Cartridge,150cc,48 Tracks,269.107498,0.15803499999998394,0:04:29.265533
22/03/13 (08:006),Sweet Sweet Canyon,418.08802000000003,No Items,Cartridge,150cc,48 Tracks,417.80575,0.28227000000003954,0:06:58.088020
22/03/13 (08:006),Thwomp Ruins,570.238924,No Items,Cartridge,150cc,48 Tracks,569.910976,0.32794799999999213,0:09:30.238924
22/03/13 (08:006),Mario Circuit,716.107839,No Items,Cartridge,150cc,48 Tracks,716.107839,0.0,0:11:56.107839
22/03/13 (08:006),Toad Harbor,882.22298,No Items,Cartridge,150cc,48 Tracks,884.347688,-2.1247079999999414,0:14:42.222980
22/03/13 (08:006),Twisted Mansion,1038.6649419999999,No Items,Cartridge,150cc,48 Tracks,1041.079151,-2.414209000000028,0:17:18.664942
22/03/13 (08:006),Shy Guy Falls,1200.3061069999999,No Items,Cartridge,150cc,48 Tracks,1203.4756720000003,-3.169565000000375,0:20:00.306107
22/03/13 (08:006),Sunshine Airport,1359.4946659999998,No Items,Cartridge,150cc,48 Tracks,1362.5928750000003,-3.098209000000452,0:22:39.494666
22/03/13 (08:006),Dolphin Shoals,1516.0497859999998,No Items,Cartridge,150cc,48 Tracks,1519.6185790000002,-3.568793000000369,0:25:16.049786
22/03/13 (08:006),Electrodrome,1676.1036609999999,No Items,Cartridge,150cc,48 Tracks,1678.6515570000001,-2.5478960000002644,0:27:56.103661
22/03/13 (08:006),Mount Wario,1820.674243,No Items,Cartridge,150cc,48 Tracks,1824.4383050000001,-3.7640620000001945,0:30:20.674243
22/03/13 (08:006),Cloudtop Cruise,1982.090491,No Items,Cartridge,150cc,48 Tracks,1986.5405640000001,-4.450073000000202,0:33:02.090491
22/03/13 (08:006),Bone-Dry Dunes,2137.631646,No Items,Cartridge,150cc,48 Tracks,2142.423157,-4.791511000000355,0:35:37.631646
22/03/13 (08:006),Bowser's Castle,2302.6688179999996,No Items,Cartridge,150cc,48 Tracks,2305.551847,-2.8830290000005334,0:38:22.668818
22/03/13 (08:006),Rainbow Road,2463.812615,No Items,Cartridge,150cc,48 Tracks,2469.34961,-5.536995000000388,0:41:03.812615
22/03/13 (08:006),Wii Moo Moo Meadows,2586.4308619999997,No Items,Cartridge,150cc,48 Tracks,2591.5849550000003,-5.154093000000557,0:43:06.430862
22/03/13 (08:006),GBA Mario Circuit,2710.2960679999997,No Items,Cartridge,150cc,48 Tracks,2716.1709600000004,-5.874892000000727,0:45:10.296068
22/03/13 (08:006),DS Cheep Cheep Beach,2856.6061569999997,No Items,Cartridge,150cc,48 Tracks,2864.183057,-7.576900000000478,0:47:36.606157
22/03/13 (08:006),N64 Toad's Turnpike,3003.848905,No Items,Cartridge,150cc,48 Tracks,3010.3942070000003,-6.545302000000447,0:50:03.848905
22/03/13 (08:006),GCN Dry Dry Desert,3170.575785,No Items,Cartridge,150cc,48 Tracks,3179.7165560000003,-9.140771000000314,0:52:50.575785
22/03/13 (08:006),SNES Donut Plains 3,3287.578998,No Items,Cartridge,150cc,48 Tracks,3295.5961580000003,-8.017160000000331,0:54:47.578998
22/03/13 (08:006),N64 Royal Raceway,3446.3052979999998,No Items,Cartridge,150cc,48 Tracks,3456.2938750000003,-9.988577000000532,0:57:26.305298
22/03/13 (08:006),3DS DK Jungle,3609.1945589999996,No Items,Cartridge,150cc,48 Tracks,3619.4200630000005,-10.22550400000091,1:00:09.194559
22/03/13 (08:006),DS Wario Stadium,3762.5617969999994,No Items,Cartridge,150cc,48 Tracks,3774.9858310000004,-12.42403400000103,1:02:42.561797
22/03/13 (08:006),GCN Sherbet Land,3915.071201999999,No Items,Cartridge,150cc,48 Tracks,3928.0846100000003,-13.013408000001164,1:05:15.071202
22/03/13 (08:006),3DS Music Park,4075.9266469999993,No Items,Cartridge,150cc,48 Tracks,4089.056077,-13.129430000000866,1:07:55.926647
22/03/13 (08:006),N64 Yoshi Valley,4234.38585,No Items,Cartridge,150cc,48 Tracks,4248.728456,-14.34260600000016,1:10:34.385850
22/03/13 (08:006),DS Tick-Tock Clock,4382.933797,No Items,Cartridge,150cc,48 Tracks,4395.904192,-12.97039500000028,1:13:02.933797
22/03/13 (08:006),3DS Piranha Plant Slide,4547.774872999999,No Items,Cartridge,150cc,48 Tracks,4561.594264,-13.819391000000905,1:15:47.774873
22/03/13 (08:006),Wii Grumble Volcano,4704.9000399999995,No Items,Cartridge,150cc,48 Tracks,4717.089341,-12.189301000000341,1:18:24.900040
22/03/13 (08:006),N64 Rainbow Road,4819.425303,No Items,Cartridge,150cc,48 Tracks,4831.465509,-12.040205999999671,1:20:19.425303
22/03/13 (08:006),GCN Yoshi Circuit,4969.319035,No Items,Cartridge,150cc,48 Tracks,4980.426326,-11.10729099999935,1:22:49.319035
22/03/13 (08:006),Excitebike Arena,5111.540360000001,No Items,Cartridge,150cc,48 Tracks,5123.156116,-11.615755999999237,1:25:11.540360
22/03/13 (08:006),Dragon Driftway,5259.848371000001,No Items,Cartridge,150cc,48 Tracks,5271.952265,-12.103893999998945,1:27:39.848371
22/03/13 (08:006),Mute City,5412.165577000001,No Items,Cartridge,150cc,48 Tracks,5424.148803,-11.983225999999377,1:30:12.165577
22/03/13 (08:006),Wii Wario's Gold Mine,5574.202772000001,No Items,Cartridge,150cc,48 Tracks,5585.863469,-11.660696999999345,1:32:54.202772
22/03/13 (08:006),SNES Rainbow Road,5700.932940000001,No Items,Cartridge,150cc,48 Tracks,5710.982153,-10.049212999999327,1:35:00.932940
22/03/13 (08:006),Ice Ice Outpost,5860.346265,No Items,Cartridge,150cc,48 Tracks,5860.346265,0.0,1:37:40.346265
22/03/13 (08:006),Hyrule Circuit,6014.13263,No Items,Cartridge,150cc,48 Tracks,6014.13263,0.0,1:40:14.132630
22/03/13 (08:006),GCN Baby Park,6114.322981,No Items,Cartridge,150cc,48 Tracks,6114.322981,0.0,1:41:54.322981
22/03/13 (08:006),GBA Cheese Land,6266.618675000001,No Items,Cartridge,150cc,48 Tracks,6266.618675000001,0.0,1:44:26.618675
22/03/13 (08:006),Wild Woods,6412.4786970000005,No Items,Cartridge,150cc,48 Tracks,6412.4786970000005,0.0,1:46:52.478697
22/03/13 (08:006),Animal Crossing,6561.658051,No Items,Cartridge,150cc,48 Tracks,6561.658051,0.0,1:49:21.658051
22/03/13 (08:006),3DS Neo Bowser City,6714.048377,No Items,Cartridge,150cc,48 Tracks,6714.048377,0.0,1:51:54.048377
22/03/13 (08:006),GBA Ribbon Road,6871.854218,No Items,Cartridge,150cc,48 Tracks,6871.854218,0.0,1:54:31.854218
22/03/13 (08:006),Super Bell Subway,7021.344319000001,No Items,Cartridge,150cc,48 Tracks,7021.344319000001,0.0,1:57:01.344319
22/03/13 (08:006),Big Blue,7142.956953000001,No Items,Cartridge,150cc,48 Tracks,7142.956953000001,0.0,1:59:02.956953
22/03/15 (08:007),Start,0.0,No Items,Cartridge,150cc,48 Tracks,0.0,0.0,0:00:00
22/03/15 (08:007),Mario Kart Stadium,131.563786,No Items,Cartridge,150cc,48 Tracks,131.563786,0.0,0:02:11.563786
22/03/15 (08:007),Water Park,267.984508,No Items,Cartridge,150cc,48 Tracks,269.107498,-1.1229900000000157,0:04:27.984508
22/03/15 (08:007),Sweet Sweet Canyon,417.643367,No Items,Cartridge,150cc,48 Tracks,417.80575,-0.16238299999997707,0:06:57.643367
22/03/15 (08:007),Thwomp Ruins,568.627556,No Items,Cartridge,150cc,48 Tracks,569.910976,-1.2834199999999782,0:09:28.627556
22/03/15 (08:007),Mario Circuit,714.8612740000001,No Items,Cartridge,150cc,48 Tracks,716.107839,-1.2465649999999187,0:11:54.861274
22/03/15 (08:007),Toad Harbor,885.5387380000001,No Items,Cartridge,150cc,48 Tracks,884.347688,1.191050000000132,0:14:45.538738
22/03/15 (08:007),Twisted Mansion,1041.2622700000002,No Items,Cartridge,150cc,48 Tracks,1041.079151,0.1831190000002607,0:17:21.262270
22/03/15 (08:007),Shy Guy Falls,1203.4756720000003,No Items,Cartridge,150cc,48 Tracks,1203.4756720000003,0.0,0:20:03.475672
22/03/15 (08:007),Sunshine Airport,1362.5928750000003,No Items,Cartridge,150cc,48 Tracks,1362.5928750000003,0.0,0:22:42.592875
22/03/15 (08:007),Dolphin Shoals,1519.6185790000002,No Items,Cartridge,150cc,48 Tracks,1519.6185790000002,0.0,0:25:19.618579
22/03/15 (08:007),Electrodrome,1678.6515570000001,No Items,Cartridge,150cc,48 Tracks,1678.6515570000001,0.0,0:27:58.651557
22/03/15 (08:007),Mount Wario,1824.4383050000001,No Items,Cartridge,150cc,48 Tracks,1824.4383050000001,0.0,0:30:24.438305
22/03/15 (08:007),Cloudtop Cruise,1986.5405640000001,No Items,Cartridge,150cc,48 Tracks,1986.5405640000001,0.0,0:33:06.540564
22/03/15 (08:007),Bone-Dry Dunes,2142.423157,No Items,Cartridge,150cc,48 Tracks,2142.423157,0.0,0:35:42.423157
22/03/15 (08:007),Bowser's Castle,2305.551847,No Items,Cartridge,150cc,48 Tracks,2305.551847,0.0,0:38:25.551847
22/03/15 (08:007),Rainbow Road,2469.34961,No Items,Cartridge,150cc,48 Tracks,2469.34961,0.0,0:41:09.349610
22/03/15 (08:007),Wii Moo Moo Meadows,2591.5849550000003,No Items,Cartridge,150cc,48 Tracks,2591.5849550000003,0.0,0:43:11.584955
22/03/15 (08:007),GBA Mario Circuit,2716.1709600000004,No Items,Cartridge,150cc,48 Tracks,2716.1709600000004,0.0,0:45:16.170960
22/03/15 (08:007),DS Cheep Cheep Beach,2864.183057,No Items,Cartridge,150cc,48 Tracks,2864.183057,0.0,0:47:44.183057
22/03/15 (08:007),N64 Toad's Turnpike,3010.3942070000003,No Items,Cartridge,150cc,48 Tracks,3010.3942070000003,0.0,0:50:10.394207
22/03/15 (08:007),GCN Dry Dry Desert,3179.7165560000003,No Items,Cartridge,150cc,48 Tracks,3179.7165560000003,0.0,0:52:59.716556
22/03/15 (08:007),SNES Donut Plains 3,3295.5961580000003,No Items,Cartridge,150cc,48 Tracks,3295.5961580000003,0.0,0:54:55.596158
22/03/15 (08:007),N64 Royal Raceway,3456.2938750000003,No Items,Cartridge,150cc,48 Tracks,3456.2938750000003,0.0,0:57:36.293875
22/03/15 (08:007),3DS DK Jungle,3619.4200630000005,No Items,Cartridge,150cc,48 Tracks,3619.4200630000005,0.0,1:00:19.420063
22/03/15 (08:007),DS Wario Stadium,3774.9858310000004,No Items,Cartridge,150cc,48 Tracks,3774.9858310000004,0.0,1:02:54.985831
22/03/15 (08:007),GCN Sherbet Land,3928.0846100000003,No Items,Cartridge,150cc,48 Tracks,3928.0846100000003,0.0,1:05:28.084610
22/03/15 (08:007),3DS Music Park,4089.056077,No Items,Cartridge,150cc,48 Tracks,4089.056077,0.0,1:08:09.056077
22/03/15 (08:007),N64 Yoshi Valley,4248.728456,No Items,Cartridge,150cc,48 Tracks,4248.728456,0.0,1:10:48.728456
22/03/15 (08:007),DS Tick-Tock Clock,4395.904192,No Items,Cartridge,150cc,48 Tracks,4395.904192,0.0,1:13:15.904192
22/03/15 (08:007),3DS Piranha Plant Slide,4561.594264,No Items,Cartridge,150cc,48 Tracks,4561.594264,0.0,1:16:01.594264
22/03/15 (08:007),Wii Grumble Volcano,4717.089341,No Items,Cartridge,150cc,48 Tracks,4717.089341,0.0,1:18:37.089341
22/03/15 (08:007),N64 Rainbow Road,4831.465509,No Items,Cartridge,150cc,48 Tracks,4831.465509,0.0,1:20:31.465509
22/03/15 (08:007),GCN Yoshi Circuit,4980.426326,No Items,Cartridge,150cc,48 Tracks,4980.426326,0.0,1:23:00.426326
22/03/15 (08:007),Excitebike Arena,5123.156116,No Items,Cartridge,150cc,48 Tracks,5123.156116,0.0,1:25:23.156116
22/03/15 (08:007),Dragon Driftway,5271.952265,No Items,Cartridge,150cc,48 Tracks,5271.952265,0.0,1:27:51.952265
22/03/15 (08:007),Mute City,5424.148803,No Items,Cartridge,150cc,48 Tracks,5424.148803,0.0,1:30:24.148803
22/03/15 (08:007),Wii Wario's Gold Mine,5585.863469,No Items,Cartridge,150cc,48 Tracks,5585.863469,0.0,1:33:05.863469
22/03/15 (08:007),SNES Rainbow Road,5710.982153,No Items,Cartridge,150cc,48 Tracks,5710.982153,0.0,1:35:10.982153
22/03/15 (08:007),Ice Ice Outpost,5856.275489,No Items,Cartridge,150cc,48 Tracks,5860.346265,-4.070776000000478,1:37:36.275489
22/03/15 (08:007),Hyrule Circuit,6010.0075,No Items,Cartridge,150cc,48 Tracks,6014.13263,-4.125130000000354,1:40:10.007500
22/03/15 (08:007),GCN Baby Park,6108.248307999999,No Items,Cartridge,150cc,48 Tracks,6114.322981,-6.074673000000985,1:41:48.248308
22/03/15 (08:007),GBA Cheese Land,6259.435298999999,No Items,Cartridge,150cc,48 Tracks,6266.618675000001,-7.183376000001772,1:44:19.435299
22/03/15 (08:007),Wild Woods,6404.824058999999,No Items,Cartridge,150cc,48 Tracks,6412.4786970000005,-7.654638000001796,1:46:44.824059
22/03/15 (08:007),Animal Crossing,6543.821270999999,No Items,Cartridge,150cc,48 Tracks,6561.658051,-17.836780000001454,1:49:03.821271
22/03/15 (08:007),3DS Neo Bowser City,6695.932779999999,No Items,Cartridge,150cc,48 Tracks,6714.048377,-18.11559700000089,1:51:35.932780
22/03/15 (08:007),GBA Ribbon Road,6848.798217,No Items,Cartridge,150cc,48 Tracks,6871.854218,-23.056001000000833,1:54:08.798217
22/03/15 (08:007),Super Bell Subway,6996.005639999999,No Items,Cartridge,150cc,48 Tracks,7021.344319000001,-25.33867900000132,1:56:36.005640
22/03/15 (08:007),Big Blue,7118.140589999999,No Items,Cartridge,150cc,48 Tracks,7142.956953000001,-24.81636300000173,1:58:38.140590
22/04/05 (08:008),Start,0.0,No Items,Cartridge,150cc,48 Tracks,0.0,0.0,0:00:00
22/04/05 (08:008),Mario Kart Stadium,131.504708,No Items,Cartridge,150cc,48 Tracks,131.563786,-0.05907799999999952,0:02:11.504708
22/04/05 (08:008),Water Park,267.060774,No Items,Cartridge,150cc,48 Tracks,269.107498,-2.04672400000004,0:04:27.060774
22/04/05 (08:008),Sweet Sweet Canyon,414.352562,No Items,Cartridge,150cc,48 Tracks,417.80575,-3.4531880000000115,0:06:54.352562
22/04/05 (08:008),Thwomp Ruins,565.2062109999999,No Items,Cartridge,150cc,48 Tracks,569.910976,-4.704765000000066,0:09:25.206211
22/04/05 (08:008),Mario Circuit,710.017568,No Items,Cartridge,150cc,48 Tracks,716.107839,-6.09027100000003,0:11:50.017568
22/04/05 (08:008),Toad Harbor,875.1969799999999,No Items,Cartridge,150cc,48 Tracks,884.347688,-9.150708000000009,0:14:35.196980
22/04/05 (08:008),Twisted Mansion,1029.780797,No Items,Cartridge,150cc,48 Tracks,1041.079151,-11.298354000000018,0:17:09.780797
22/04/05 (08:008),Shy Guy Falls,1190.843292,No Items,Cartridge,150cc,48 Tracks,1203.4756720000003,-12.63238000000024,0:19:50.843292
22/04/05 (08:008),Sunshine Airport,1349.474753,No Items,Cartridge,150cc,48 Tracks,1362.5928750000003,-13.118122000000312,0:22:29.474753
22/04/05 (08:008),Dolphin Shoals,1505.922059,No Items,Cartridge,150cc,48 Tracks,1519.6185790000002,-13.696520000000191,0:25:05.922059
22/04/05 (08:008),Electrodrome,1664.876616,No Items,Cartridge,150cc,48 Tracks,1678.6515570000001,-13.774941000000126,0:27:44.876616
22/04/05 (08:008),Mount Wario,1811.408004,No Items,Cartridge,150cc,48 Tracks,1824.4383050000001,-13.030301000000236,0:30:11.408004
22/04/05 (08:008),Cloudtop Cruise,1971.8761459999998,No Items,Cartridge,150cc,48 Tracks,1986.5405640000001,-14.664418000000296,0:32:51.876146
22/04/05 (08:008),Bone-Dry Dunes,2126.143565,No Items,Cartridge,150cc,48 Tracks,2142.423157,-16.27959200000032,0:35:26.143565
22/04/05 (08:008),Bowser's Castle,2289.118079,No Items,Cartridge,150cc,48 Tracks,2305.551847,-16.433768000000327,0:38:09.118079
22/04/05 (08:008),Rainbow Road,2450.7589989999997,No Items,Cartridge,150cc,48 Tracks,2469.34961,-18.590611000000536,0:40:50.758999
22/04/05 (08:008),Wii Moo Moo Meadows,2571.3581809999996,No Items,Cartridge,150cc,48 Tracks,2591.5849550000003,-20.22677400000066,0:42:51.358181
22/04/05 (08:008),GBA Mario Circuit,2694.6869709999996,No Items,Cartridge,150cc,48 Tracks,2716.1709600000004,-21.483989000000747,0:44:54.686971
22/04/05 (08:008),DS Cheep Cheep Beach,2842.3174739999995,No Items,Cartridge,150cc,48 Tracks,2864.183057,-21.865583000000697,0:47:22.317474
22/04/05 (08:008),N64 Toad's Turnpike,2988.3605999999995,No Items,Cartridge,150cc,48 Tracks,3010.3942070000003,-22.033607000000757,0:49:48.360600
22/04/05 (08:008),GCN Dry Dry Desert,3151.5740999999994,No Items,Cartridge,150cc,48 Tracks,3179.7165560000003,-28.142456000000948,0:52:31.574100
22/04/05 (08:008),SNES Donut Plains 3,3267.850706999999,No Items,Cartridge,150cc,48 Tracks,3295.5961580000003,-27.74545100000114,0:54:27.850707
22/04/05 (08:008),N64 Royal Raceway,3427.8135699999993,No Items,Cartridge,150cc,48 Tracks,3456.2938750000003,-28.480305000000953,0:57:07.813570
22/04/05 (08:008),3DS DK Jungle,3590.7455169999994,No Items,Cartridge,150cc,48 Tracks,3619.4200630000005,-28.6745460000011,0:59:50.745517
22/04/05 (08:008),DS Wario Stadium,3745.6938719999994,No Items,Cartridge,150cc,48 Tracks,3774.9858310000004,-29.291959000001043,1:02:25.693872
22/04/05 (08:008),GCN Sherbet Land,3896.9340739999993,No Items,Cartridge,150cc,48 Tracks,3928.0846100000003,-31.15053600000101,1:04:56.934074
22/04/05 (08:008),3DS Music Park,4058.379264999999,No Items,Cartridge,150cc,48 Tracks,4089.056077,-30.676812000001064,1:07:38.379265
22/04/05 (08:008),N64 Yoshi Valley,4218.424603999999,No Items,Cartridge,150cc,48 Tracks,4248.728456,-30.303852000000916,1:10:18.424604
22/04/05 (08:008),DS Tick-Tock Clock,4366.217142999999,No Items,Cartridge,150cc,48 Tracks,4395.904192,-29.687049000001025,1:12:46.217143
22/04/05 (08:008),3DS Piranha Plant Slide,4532.016712999999,No Items,Cartridge,150cc,48 Tracks,4561.594264,-29.577551000001222,1:15:32.016713
22/04/05 (08:008),Wii Grumble Volcano,4687.388212999999,No Items,Cartridge,150cc,48 Tracks,4717.089341,-29.701128000000608,1:18:07.388213
22/04/05 (08:008),N64 Rainbow Road,4801.809101999999,No Items,Cartridge,150cc,48 Tracks,4831.465509,-29.6564070000004,1:20:01.809102
22/04/05 (08:008),GCN Yoshi Circuit,4950.702992999999,No Items,Cartridge,150cc,48 Tracks,4980.426326,-29.72333300000082,1:22:30.702993
22/04/05 (08:008),Excitebike Arena,5092.697506999999,No Items,Cartridge,150cc,48 Tracks,5123.156116,-30.45860900000116,1:24:52.697507
22/04/05 (08:008),Dragon Driftway,5238.343797999999,No Items,Cartridge,150cc,48 Tracks,5271.952265,-33.60846700000093,1:27:18.343798
22/04/05 (08:008),Mute City,5392.145295999999,No Items,Cartridge,150cc,48 Tracks,5424.148803,-32.003507000001264,1:29:52.145296
22/04/05 (08:008),Wii Wario's Gold Mine,5554.3604479999985,No Items,Cartridge,150cc,48 Tracks,5585.863469,-31.503021000001354,1:32:34.360448
22/04/05 (08:008),SNES Rainbow Road,5680.024122999998,No Items,Cartridge,150cc,48 Tracks,5710.982153,-30.9580300000016,1:34:40.024123
22/04/05 (08:008),Ice Ice Outpost,5835.194995999998,No Items,Cartridge,150cc,48 Tracks,5860.346265,-25.151269000001776,1:37:15.194996
22/04/05 (08:008),Hyrule Circuit,5987.6842339999985,No Items,Cartridge,150cc,48 Tracks,6014.13263,-26.448396000001594,1:39:47.684234
22/04/05 (08:008),GCN Baby Park,6087.1024149999985,No Items,Cartridge,150cc,48 Tracks,6114.322981,-27.22056600000178,1:41:27.102415
22/04/05 (08:008),GBA Cheese Land,6240.133786999999,No Items,Cartridge,150cc,48 Tracks,6266.618675000001,-26.484888000001774,1:44:00.133787
22/04/05 (08:008),Wild Woods,6386.287580999999,No Items,Cartridge,150cc,48 Tracks,6412.4786970000005,-26.191116000001784,1:46:26.287581
22/04/05 (08:008),Animal Crossing,6527.513657999999,No Items,Cartridge,150cc,48 Tracks,6561.658051,-34.1443930000014,1:48:47.513658
22/04/05 (08:008),3DS Neo Bowser City,6683.521770999999,No Items,Cartridge,150cc,48 Tracks,6714.048377,-30.526606000001266,1:51:23.521771
22/04/05 (08:008),GBA Ribbon Road,6847.529217999999,No Items,Cartridge,150cc,48 Tracks,6871.854218,-24.325000000001637,1:54:07.529218
22/04/05 (08:008),Super Bell Subway,6997.348195999999,No Items,Cartridge,150cc,48 Tracks,7021.344319000001,-23.996123000001717,1:56:37.348196
22/04/05 (08:008),Big Blue,7120.372214999999,No Items,Cartridge,150cc,48 Tracks,7142.956953000001,-22.58473800000138,1:58:40.372215
22/04/23 (08:011),Start,0.0,No Items,Cartridge,150cc,48 Tracks,0.0,0.0,0:00:00
22/04/23 (08:011),Mario Kart Stadium,129.554563,No Items,Cartridge,150cc,48 Tracks,131.563786,-2.0092229999999915,0:02:09.554563
22/04/23 (08:011),Water Park,265.316916,No Items,Cartridge,150cc,48 Tracks,269.107498,-3.790582000000029,0:04:25.316916
22/04/23 (08:011),Sweet Sweet Canyon,412.306222,No Items,Cartridge,150cc,48 Tracks,417.80575,-5.499527999999998,0:06:52.306222
22/04/23 (08:011),Thwomp Ruins,561.734253,No Items,Cartridge,150cc,48 Tracks,569.910976,-8.176723000000038,0:09:21.734253
22/04/23 (08:011),Mario Circuit,704.210423,No Items,Cartridge,150cc,48 Tracks,716.107839,-11.897416000000021,0:11:44.210423
22/04/23 (08:011),Toad Harbor,869.778471,No Items,Cartridge,150cc,48 Tracks,884.347688,-14.56921699999998,0:14:29.778471
22/04/23 (08:011),Twisted Mansion,1022.708401,No Items,Cartridge,150cc,48 Tracks,1041.079151,-18.37074999999993,0:17:02.708401
22/04/23 (08:011),Shy Guy Falls,1183.273453,No Items,Cartridge,150cc,48 Tracks,1203.4756720000003,-20.20221900000024,0:19:43.273453
22/04/23 (08:011),Sunshine Airport,1343.958632,No Items,Cartridge,150cc,48 Tracks,1362.5928750000003,-18.634243000000197,0:22:23.958632
22/04/23 (08:011),Dolphin Shoals,1498.090265,No Items,Cartridge,150cc,48 Tracks,1519.6185790000002,-21.528314000000137,0:24:58.090265
22/04/23 (08:011),Electrodrome,1655.479561,No Items,Cartridge,150cc,48 Tracks,1678.6515570000001,-23.171996000000036,0:27:35.479561
22/04/23 (08:011),Mount Wario,1799.999062,No Items,Cartridge,150cc,48 Tracks,1824.4383050000001,-24.439243000000033,0:29:59.999062
22/04/23 (08:011),Cloudtop Cruise,1958.6387060000002,No Items,Cartridge,150cc,48 Tracks,1986.5405640000001,-27.901857999999947,0:32:38.638706
22/04/23 (08:011),Bone-Dry Dunes,2113.9333800000004,No Items,Cartridge,150cc,48 Tracks,2142.423157,-28.489776999999776,0:35:13.933380
22/04/23 (08:011),Bowser's Castle,2276.4075130000006,No Items,Cartridge,150cc,48 Tracks,2305.551847,-29.144333999999617,0:37:56.407513
22/04/23 (08:011),Rainbow Road,2435.7569790000007,No Items,Cartridge,150cc,48 Tracks,2469.34961,-33.59263099999953,0:40:35.756979
22/04/23 (08:011),Wii Moo Moo Meadows,2555.590017000001,No Items,Cartridge,150cc,48 Tracks,2591.5849550000003,-35.994937999999365,0:42:35.590017
22/04/23 (08:011),GBA Mario Circuit,2680.675456000001,No Items,Cartridge,150cc,48 Tracks,2716.1709600000004,-35.49550399999953,0:44:40.675456
22/04/23 (08:011),DS Cheep Cheep Beach,2825.168243000001,No Items,Cartridge,150cc,48 Tracks,2864.183057,-39.014813999999205,0:47:05.168243
22/04/23 (08:011),N64 Toad's Turnpike,2967.925223000001,No Items,Cartridge,150cc,48 Tracks,3010.3942070000003,-42.46898399999918,0:49:27.925223
22/04/23 (08:011),GCN Dry Dry Desert,3131.504163000001,No Items,Cartridge,150cc,48 Tracks,3179.7165560000003,-48.21239299999934,0:52:11.504163
22/04/23 (08:011),SNES Donut Plains 3,3249.896502000001,No Items,Cartridge,150cc,48 Tracks,3295.5961580000003,-45.69965599999932,0:54:09.896502
22/04/23 (08:011),N64 Royal Raceway,3404.638875000001,No Items,Cartridge,150cc,48 Tracks,3456.2938750000003,-51.65499999999929,0:56:44.638875
22/04/23 (08:011),3DS DK Jungle,3565.212885000001,No Items,Cartridge,150cc,48 Tracks,3619.4200630000005,-54.20717799999966,0:59:25.212885
22/04/23 (08:011),DS Wario Stadium,3717.045137000001,No Items,Cartridge,150cc,48 Tracks,3774.9858310000004,-57.94069399999944,1:01:57.045137
22/04/23 (08:011),GCN Sherbet Land,3867.163681000001,No Items,Cartridge,150cc,48 Tracks,3928.0846100000003,-60.92092899999943,1:04:27.163681
22/04/23 (08:011),3DS Music Park,4025.287166000001,No Items,Cartridge,150cc,48 Tracks,4089.056077,-63.76891099999921,1:07:05.287166
22/04/23 (08:011),N64 Yoshi Valley,4183.121843000001,No Items,Cartridge,150cc,48 Tracks,4248.728456,-65.60661299999902,1:09:43.121843
22/04/23 (08:011),DS Tick-Tock Clock,4327.931252000001,No Items,Cartridge,150cc,48 Tracks,4395.904192,-67.97293999999874,1:12:07.931252
22/04/23 (08:011),3DS Piranha Plant Slide,4491.629871000001,No Items,Cartridge,150cc,48 Tracks,4561.594264,-69.96439299999929,1:14:51.629871
22/04/23 (08:011),Wii Grumble Volcano,4650.169621000001,No Items,Cartridge,150cc,48 Tracks,4717.089341,-66.91971999999896,1:17:30.169621
22/04/23 (08:011),N64 Rainbow Road,4762.9498060000005,No Items,Cartridge,150cc,48 Tracks,4831.465509,-68.51570299999912,1:19:22.949806
22/04/23 (08:011),GCN Yoshi Circuit,4908.572707,No Items,Cartridge,150cc,48 Tracks,4980.426326,-71.85361899999953,1:21:48.572707
22/04/23 (08:011),Excitebike Arena,5048.79049,No Items,Cartridge,150cc,48 Tracks,5123.156116,-74.36562599999979,1:24:08.790490
22/04/23 (08:011),Dragon Driftway,5194.398919,No Items,Cartridge,150cc,48 Tracks,5271.952265,-77.55334599999969,1:26:34.398919
22/04/23 (08:011),Mute City,5348.245907,No Items,Cartridge,150cc,48 Tracks,5424.148803,-75.9028959999996,1:29:08.245907
22/04/23 (08:011),Wii Wario's Gold Mine,5507.905533,No Items,Cartridge,150cc,48 Tracks,5585.863469,-77.95793599999979,1:31:47.905533
22/04/23 (08:011),SNES Rainbow Road,5631.896265,No Items,Cartridge,150cc,48 Tracks,5710.982153,-79.08588799999961,1:33:51.896265
22/04/23 (08:011),Ice Ice Outpost,5775.1585000000005,No Items,Cartridge,150cc,48 Tracks,5860.346265,-85.18776499999967,1:36:15.158500
22/04/23 (08:011),Hyrule Circuit,5926.686828000001,No Items,Cartridge,150cc,48 Tracks,6014.13263,-87.44580199999928,1:38:46.686828
22/04/23 (08:011),GCN Baby Park,6024.620311000001,No Items,Cartridge,150cc,48 Tracks,6114.322981,-89.70266999999967,1:40:24.620311
22/04/23 (08:011),GBA Cheese Land,6176.483733000001,No Items,Cartridge,150cc,48 Tracks,6266.618675000001,-90.13494199999968,1:42:56.483733
22/04/23 (08:011),Wild Woods,6320.251594000001,No Items,Cartridge,150cc,48 Tracks,6412.4786970000005,-92.22710299999926,1:45:20.251594
22/04/23 (08:011),Animal Crossing,6456.387279000001,No Items,Cartridge,150cc,48 Tracks,6561.658051,-105.27077199999894,1:47:36.387279
22/04/23 (08:011),3DS Neo Bowser City,6605.373018000001,No Items,Cartridge,150cc,48 Tracks,6714.048377,-108.67535899999893,1:50:05.373018
22/04/23 (08:011),GBA Ribbon Road,6758.309703000001,No Items,Cartridge,150cc,48 Tracks,6871.854218,-113.54451499999959,1:52:38.309703
22/04/23 (08:011),Super Bell Subway,6903.023906,No Items,Cartridge,150cc,48 Tracks,7021.344319000001,-118.32041300000037,1:55:03.023906
22/04/23 (08:011),Big Blue,7023.782811,No Items,Cartridge,150cc,48 Tracks,7142.956953000001,-119.17414200000076,1:57:03.782811
22/06/06 (08:015),Start,0.0,No Items,Cartridge,150cc,48 Tracks,0.0,0.0,0:00:00
22/06/06 (08:015),Mario Kart Stadium,129.40581,No Items,Cartridge,150cc,48 Tracks,131.563786,-2.157975999999991,0:02:09.405810
22/06/06 (08:015),Water Park,262.569678,No Items,Cartridge,150cc,48 Tracks,269.107498,-6.537820000000011,0:04:22.569678
22/06/06 (08:015),Sweet Sweet Canyon,408.144675,No Items,Cartridge,150cc,48 Tracks,417.80575,-9.661074999999983,0:06:48.144675
22/06/06 (08:015),Thwomp Ruins,555.993194,No Items,Cartridge,150cc,48 Tracks,569.910976,-13.917781999999988,0:09:15.993194
22/06/06 (08:015),Mario Circuit,699.210538,No Items,Cartridge,150cc,48 Tracks,716.107839,-16.89730099999997,0:11:39.210538
22/06/06 (08:015),Toad Harbor,861.592378,No Items,Cartridge,150cc,48 Tracks,884.347688,-22.755309999999895,0:14:21.592378
22/06/06 (08:015),Twisted Mansion,1014.602779,No Items,Cartridge,150cc,48 Tracks,1041.079151,-26.476371999999856,0:16:54.602779
22/06/06 (08:015),Shy Guy Falls,1174.6497080000001,No Items,Cartridge,150cc,48 Tracks,1203.4756720000003,-28.825964000000113,0:19:34.649708
22/06/06 (08:015),Sunshine Airport,1330.903107,No Items,Cartridge,150cc,48 Tracks,1362.5928750000003,-31.689768000000186,0:22:10.903107
22/06/06 (08:015),Dolphin Shoals,1485.5785030000002,No Items,Cartridge,150cc,48 Tracks,1519.6185790000002,-34.040076,0:24:45.578503
22/06/06 (08:015),Electrodrome,1643.9295650000001,No Items,Cartridge,150cc,48 Tracks,1678.6515570000001,-34.721992,0:27:23.929565
22/06/06 (08:015),Mount Wario,1788.0285450000001,No Items,Cartridge,150cc,48 Tracks,1824.4383050000001,-36.409760000000006,0:29:48.028545
22/06/06 (08:015),Cloudtop Cruise,1950.087205,No Items,Cartridge,150cc,48 Tracks,1986.5405640000001,-36.45335900000009,0:32:30.087205
22/06/06 (08:015),Bone-Dry Dunes,2104.116225,No Items,Cartridge,150cc,48 Tracks,2142.423157,-38.30693199999996,0:35:04.116225
22/06/06 (08:015),Bowser's Castle,2271.3752860000004,No Items,Cartridge,150cc,48 Tracks,2305.551847,-34.176560999999765,0:37:51.375286
22/06/06 (08:015),Rainbow Road,2430.479564,No Items,Cartridge,150cc,48 Tracks,2469.34961,-38.870046,0:40:30.479564
22/06/06 (08:015),Wii Moo Moo Meadows,2550.127867,No Items,Cartridge,150cc,48 Tracks,2591.5849550000003,-41.45708800000011,0:42:30.127867
22/06/06 (08:015),GBA Mario Circuit,2671.7636460000003,No Items,Cartridge,150cc,48 Tracks,2716.1709600000004,-44.40731400000004,0:44:31.763646
22/06/06 (08:015),DS Cheep Cheep Beach,2816.5146590000004,No Items,Cartridge,150cc,48 Tracks,2864.183057,-47.6683979999998,0:46:56.514659
22/06/06 (08:015),N64 Toad's Turnpike,2961.3815850000005,No Items,Cartridge,150cc,48 Tracks,3010.3942070000003,-49.01262199999974,0:49:21.381585
22/06/06 (08:015),GCN Dry Dry Desert,3122.9768000000004,No Items,Cartridge,150cc,48 Tracks,3179.7165560000003,-56.73975599999994,0:52:02.976800
22/06/06 (08:015),SNES Donut Plains 3,3239.0355870000003,No Items,Cartridge,150cc,48 Tracks,3295.5961580000003,-56.56057099999998,0:53:59.035587
22/06/06 (08:015),N64 Royal Raceway,3394.4387260000003,No Items,Cartridge,150cc,48 Tracks,3456.2938750000003,-61.85514899999998,0:56:34.438726
22/06/06 (08:015),3DS DK Jungle,3554.558484,No Items,Cartridge,150cc,48 Tracks,3619.4200630000005,-64.86157900000035,0:59:14.558484
22/06/06 (08:015),DS Wario Stadium,3707.8981940000003,No Items,Cartridge,150cc,48 Tracks,3774.9858310000004,-67.08763700000009,1:01:47.898194
22/06/06 (08:015),GCN Sherbet Land,3856.701014,No Items,Cartridge,150cc,48 Tracks,3928.0846100000003,-71.38359600000013,1:04:16.701014
22/06/06 (08:015),3DS Music Park,4017.849423,No Items,Cartridge,150cc,48 Tracks,4089.056077,-71.20665400000007,1:06:57.849423
22/06/06 (08:015),N64 Yoshi Valley,4175.327584000001,No Items,Cartridge,150cc,48 Tracks,4248.728456,-73.40087199999925,1:09:35.327584
22/06/06 (08:015),DS Tick-Tock Clock,4318.393899000001,No Items,Cartridge,150cc,48 Tracks,4395.904192,-77.51029299999936,1:11:58.393899
22/06/06 (08:015),3DS Piranha Plant Slide,4479.445174,No Items,Cartridge,150cc,48 Tracks,4561.594264,-82.14908999999989,1:14:39.445174
22/06/06 (08:015),Wii Grumble Volcano,4634.5374600000005,No Items,Cartridge,150cc,48 Tracks,4717.089341,-82.55188099999941,1:17:14.537460
22/06/06 (08:015),N64 Rainbow Road,4746.835925,No Items,Cartridge,150cc,48 Tracks,4831.465509,-84.62958399999934,1:19:06.835925
22/06/06 (08:015),GCN Yoshi Circuit,4893.744711,No Items,Cartridge,150cc,48 Tracks,4980.426326,-86.68161499999951,1:21:33.744711
22/06/06 (08:015),Excitebike Arena,5036.950135,No Items,Cartridge,150cc,48 Tracks,5123.156116,-86.20598100000007,1:23:56.950135
22/06/06 (08:015),Dragon Driftway,5183.537689,No Items,Cartridge,150cc,48 Tracks,5271.952265,-88.41457600000012,1:26:23.537689
22/06/06 (08:015),Mute City,5336.6330259999995,No Items,Cartridge,150cc,48 Tracks,5424.148803,-87.51577700000053,1:28:56.633026
22/06/06 (08:015),Wii Wario's Gold Mine,5496.037918999999,No Items,Cartridge,150cc,48 Tracks,5585.863469,-89.82555000000048,1:31:36.037919
22/06/06 (08:015),SNES Rainbow Road,5623.454747,No Items,Cartridge,150cc,48 Tracks,5710.982153,-87.52740600000016,1:33:43.454747
22/06/06 (08:015),Ice Ice Outpost,5770.9100229999995,No Items,Cartridge,150cc,48 Tracks,5860.346265,-89.43624200000068,1:36:10.910023
22/06/06 (08:015),Hyrule Circuit,5924.082796999999,No Items,Cartridge,150cc,48 Tracks,6014.13263,-90.04983300000094,1:38:44.082797
22/06/06 (08:015),GCN Baby Park,6022.239893999999,No Items,Cartridge,150cc,48 Tracks,6114.322981,-92.08308700000089,1:40:22.239894
22/06/06 (08:015),GBA Cheese Land,6169.922474999999,No Items,Cartridge,150cc,48 Tracks,6266.618675000001,-96.69620000000123,1:42:49.922475
22/06/06 (08:015),Wild Woods,6312.830148999999,No Items,Cartridge,150cc,48 Tracks,6412.4786970000005,-99.64854800000103,1:45:12.830149
22/06/06 (08:015),Animal Crossing,6449.9923929999995,No Items,Cartridge,150cc,48 Tracks,6561.658051,-111.6656580000008,1:47:29.992393
22/06/06 (08:015),3DS Neo Bowser City,6598.753811,No Items,Cartridge,150cc,48 Tracks,6714.048377,-115.29456600000049,1:49:58.753811
22/06/06 (08:015),GBA Ribbon Road,6749.70378,No Items,Cartridge,150cc,48 Tracks,6871.854218,-122.15043800000058,1:52:29.703780
22/06/06 (08:015),Super Bell Subway,6895.427557999999,No Items,Cartridge,150cc,48 Tracks,7021.344319000001,-125.91676100000132,1:54:55.427558
22/06/06 (08:015),Big Blue,7015.5697119999995,No Items,Cartridge,150cc,48 Tracks,7142.956953000001,-127.38724100000127,1:56:55.569712
22/07/04 (08:019),Start,0.0,No Items,Cartridge,150cc,48 Tracks,0.0,0.0,0:00:00
22/07/04 (08:019),Mario Kart Stadium,128.862327,No Items,Cartridge,150cc,48 Tracks,131.563786,-2.701459,0:02:08.862327
22/07/04 (08:019),Water Park,261.433696,No Items,Cartridge,150cc,48 Tracks,269.107498,-7.673802000000023,0:04:21.433696
22/07/04 (08:019),Sweet Sweet Canyon,406.911707,No Items,Cartridge,150cc,48 Tracks,417.80575,-10.89404300000001,0:06:46.911707
22/07/04 (08:019),Thwomp Ruins,555.206958,No Items,Cartridge,150cc,48 Tracks,569.910976,-14.70401800000002,0:09:15.206958
22/07/04 (08:019),Mario Circuit,696.994109,No Items,Cartridge,150cc,48 Tracks,716.107839,-19.113730000000032,0:11:36.994109
22/07/04 (08:019),Toad Harbor,859.116502,No Items,Cartridge,150cc,48 Tracks,884.347688,-25.23118599999998,0:14:19.116502
22/07/04 (08:019),Twisted Mansion,1012.213342,No Items,Cartridge,150cc,48 Tracks,1041.079151,-28.8658089999999,0:16:52.213342
22/07/04 (08:019),Shy Guy Falls,1171.803176,No Items,Cartridge,150cc,48 Tracks,1203.4756720000003,-31.672496000000365,0:19:31.803176
22/07/04 (08:019),Sunshine Airport,1328.0083379999999,No Items,Cartridge,150cc,48 Tracks,1362.5928750000003,-34.58453700000041,0:22:08.008338
22/07/04 (08:019),Dolphin Shoals,1481.984172,No Items,Cartridge,150cc,48 Tracks,1519.6185790000002,-37.63440700000024,0:24:41.984172
22/07/04 (08:019),Electrodrome,1638.4083369999998,No Items,Cartridge,150cc,48 Tracks,1678.6515570000001,-40.24322000000029,0:27:18.408337
22/07/04 (08:019),Mount Wario,1784.7994449999999,No Items,Cartridge,150cc,48 Tracks,1824.4383050000001,-39.63886000000025,0:29:44.799445
22/07/04 (08:019),Cloudtop Cruise,1942.234894,No Items,Cartridge,150cc,48 Tracks,1986.5405640000001,-44.30567000000019,0:32:22.234894
22/07/04 (08:019),Bone-Dry Dunes,2093.7292669999997,No Items,Cartridge,150cc,48 Tracks,2142.423157,-48.693890000000465,0:34:53.729267
22/07/04 (08:019),Bowser's Castle,2259.996515,No Items,Cartridge,150cc,48 Tracks,2305.551847,-45.55533200000036,0:37:39.996515
22/07/04 (08:019),Rainbow Road,2420.76052,No Items,Cartridge,150cc,48 Tracks,2469.34961,-48.5890900000004,0:40:20.760520
22/07/04 (08:019),Wii Moo Moo Meadows,2540.0647839999997,No Items,Cartridge,150cc,48 Tracks,2591.5849550000003,-51.52017100000057,0:42:20.064784
22/07/04 (08:019),GBA Mario Circuit,2662.8697639999996,No Items,Cartridge,150cc,48 Tracks,2716.1709600000004,-53.3011960000008,0:44:22.869764
22/07/04 (08:019),DS Cheep Cheep Beach,2809.0582799999997,No Items,Cartridge,150cc,48 Tracks,2864.183057,-55.12477700000045,0:46:49.058280
22/07/04 (08:019),N64 Toad's Turnpike,2949.8642419999996,No Items,Cartridge,150cc,48 Tracks,3010.3942070000003,-60.52996500000063,0:49:09.864242
22/07/04 (08:019),GCN Dry Dry Desert,3112.4664419999995,No Items,Cartridge,150cc,48 Tracks,3179.7165560000003,-67.25011400000085,0:51:52.466442
22/07/04 (08:019),SNES Donut Plains 3,3227.5979099999995,No Items,Cartridge,150cc,48 Tracks,3295.5961580000003,-67.99824800000079,0:53:47.597910
22/07/04 (08:019),N64 Royal Raceway,3383.5244569999995,No Items,Cartridge,150cc,48 Tracks,3456.2938750000003,-72.76941800000077,0:56:23.524457
22/07/04 (08:019),3DS DK Jungle,3544.3482349999995,No Items,Cartridge,150cc,48 Tracks,3619.4200630000005,-75.071828000001,0:59:04.348235
22/07/04 (08:019),DS Wario Stadium,3697.2384699999993,No Items,Cartridge,150cc,48 Tracks,3774.9858310000004,-77.74736100000109,1:01:37.238470
22/07/04 (08:019),GCN Sherbet Land,3844.4659729999994,No Items,Cartridge,150cc,48 Tracks,3928.0846100000003,-83.61863700000094,1:04:04.465973
22/07/04 (08:019),3DS Music Park,4002.1360169999994,No Items,Cartridge,150cc,48 Tracks,4089.056077,-86.92006000000083,1:06:42.136017
22/07/04 (08:019),N64 Yoshi Valley,4159.711445999999,No Items,Cartridge,150cc,48 Tracks,4248.728456,-89.01701000000048,1:09:19.711446
22/07/04 (08:019),DS Tick-Tock Clock,4303.608886999999,No Items,Cartridge,150cc,48 Tracks,4395.904192,-92.29530500000055,1:11:43.608887
22/07/04 (08:019),3DS Piranha Plant Slide,4464.897892999999,No Items,Cartridge,150cc,48 Tracks,4561.594264,-96.69637100000091,1:14:24.897893
22/07/04 (08:019),Wii Grumble Volcano,4618.92394,No Items,Cartridge,150cc,48 Tracks,4717.089341,-98.1654010000002,1:16:58.923940
22/07/04 (08:019),N64 Rainbow Road,4732.129349,No Items,Cartridge,150cc,48 Tracks,4831.465509,-99.33615999999984,1:18:52.129349
22/07/04 (08:019),GCN Yoshi Circuit,4878.980705,No Items,Cartridge,150cc,48 Tracks,4980.426326,-101.44562099999985,1:21:18.980705
22/07/04 (08:019),Excitebike Arena,5020.964091,No Items,Cartridge,150cc,48 Tracks,5123.156116,-102.19202500000029,1:23:40.964091
22/07/04 (08:019),Dragon Driftway,5162.863429,No Items,Cartridge,150cc,48 Tracks,5271.952265,-109.0888359999999,1:26:02.863429
22/07/04 (08:019),Mute City,5317.176443,No Items,Cartridge,150cc,48 Tracks,5424.148803,-106.97235999999975,1:28:37.176443
22/07/04 (08:019),Wii Wario's Gold Mine,5474.900362,No Items,Cartridge,150cc,48 Tracks,5585.863469,-110.96310699999958,1:31:14.900362
22/07/04 (08:019),SNES Rainbow Road,5596.572263,No Items,Cartridge,150cc,48 Tracks,5710.982153,-114.4098899999999,1:33:16.572263
22/07/04 (08:019),Ice Ice Outpost,5737.781355,No Items,Cartridge,150cc,48 Tracks,5860.346265,-122.56491000000005,1:35:37.781355
22/07/04 (08:019),Hyrule Circuit,5886.829167,No Items,Cartridge,150cc,48 Tracks,6014.13263,-127.30346300000019,1:38:06.829167
22/07/04 (08:019),GCN Baby Park,5985.404332,No Items,Cartridge,150cc,48 Tracks,6114.322981,-128.9186490000002,1:39:45.404332
22/07/04 (08:019),GBA Cheese Land,6133.088028,No Items,Cartridge,150cc,48 Tracks,6266.618675000001,-133.5306470000005,1:42:13.088028
22/07/04 (08:019),Wild Woods,6276.219675,No Items,Cartridge,150cc,48 Tracks,6412.4786970000005,-136.2590220000002,1:44:36.219675
22/07/04 (08:019),Animal Crossing,6421.005256,No Items,Cartridge,150cc,48 Tracks,6561.658051,-140.65279499999997,1:47:01.005256
22/07/04 (08:019),3DS Neo Bowser City,6568.447683,No Items,Cartridge,150cc,48 Tracks,6714.048377,-145.60069399999975,1:49:28.447683
22/07/04 (08:019),GBA Ribbon Road,6724.885295,No Items,Cartridge,150cc,48 Tracks,6871.854218,-146.96892300000036,1:52:04.885295
22/07/04 (08:019),Super Bell Subway,6868.753463,No Items,Cartridge,150cc,48 Tracks,7021.344319000001,-152.5908560000007,1:54:28.753463
22/07/04 (08:019),Big Blue,6989.177314,No Items,Cartridge,150cc,48 Tracks,7142.956953000001,-153.77963900000123,1:56:29.177314
