ID,Track,Time,Version,Items,Speed,Category,Center mean,Center offset,Split
22/02/20 (08:001),Start,0.0,No Items,Cartridge,150cc,48 Tracks,0.0,0.0,0:00:00
22/02/20 (08:001),Mario Kart Stadium,135.951707,No Items,Cartridge,150cc,48 Tracks,131.49630545454545,4.455401545454549,0:02:15.951707
22/02/20 (08:001),Water Park,275.3152,No Items,Cartridge,150cc,48 Tracks,268.4782489090909,6.8369510909091105,0:04:35.315200
22/02/20 (08:001),Sweet Sweet Canyon,429.08917099999996,No Items,Cartridge,150cc,48 Tracks,416.73624336363645,12.352927636363518,0:07:09.089171
22/02/20 (08:001),Thwomp Ruins,587.876125,No Items,Cartridge,150cc,48 Tracks,568.4972812727273,19.378843727272738,0:09:47.876125
22/02/20 (08:001),Mario Circuit,735.763411,No Items,Cartridge,150cc,48 Tracks,713.936289909091,21.82712109090903,0:12:15.763411
22/02/20 (08:001),Toad Harbor,903.381832,No Items,Cartridge,150cc,48 Tracks,880.4593404545453,22.922491545454704,0:15:03.381832
22/02/20 (08:001),Twisted Mansion,1061.574384,No Items,Cartridge,150cc,48 Tracks,1036.0761048181819,25.498279181818134,0:17:41.574384
22/02/20 (08:001),Shy Guy Falls,1226.486701,No Items,Cartridge,150cc,48 Tracks,1198.3508009090908,28.135900090909217,0:20:26.486701
22/02/20 (08:001),Sunshine Airport,1387.858764,No Items,Cartridge,150cc,48 Tracks,1358.3072304545456,29.551533545454504,0:23:07.858764
22/02/20 (08:001),Dolphin Shoals,1550.37859,No Items,Cartridge,150cc,48 Tracks,1515.517235909091,34.86135409090912,0:25:50.378590
22/02/20 (08:001),Electrodrome,1713.404823,No Items,Cartridge,150cc,48 Tracks,1675.2737667272727,38.13105627272739,0:28:33.404823
22/02/20 (08:001),Mount Wario,1862.679952,No Items,Cartridge,150cc,48 Tracks,1822.0335933636366,40.6463586363634,0:31:02.679952
22/02/20 (08:001),Cloudtop Cruise,2028.723882,No Items,Cartridge,150cc,48 Tracks,1983.9868766363638,44.73700536363617,0:33:48.723882
22/02/20 (08:001),Bone-Dry Dunes,2187.848272,No Items,Cartridge,150cc,48 Tracks,2139.8808835454547,47.96738845454547,0:36:27.848272
22/02/20 (08:001),Bowser's Castle,2355.486409,No Items,Cartridge,150cc,48 Tracks,2305.461451090909,50.02495790909097,0:39:15.486409
22/02/20 (08:001),Rainbow Road,2519.752409,No Items,Cartridge,150cc,48 Tracks,2468.9291120909093,50.823296909090914,0:41:59.752409
22/02/20 (08:001),Wii Moo Moo Meadows,2642.1810370000003,No Items,Cartridge,150cc,48 Tracks,2590.5414836363634,51.63955336363688,0:44:02.181037
22/02/20 (08:001),GBA Mario Circuit,2768.0115650000002,No Items,Cartridge,150cc,48 Tracks,2715.158270545455,52.85329445454545,0:46:08.011565
22/02/20 (08:001),DS Cheep Cheep Beach,2918.360137,No Items,Cartridge,150cc,48 Tracks,2862.3727943636363,55.98734263636379,0:48:38.360137
22/02/20 (08:001),N64 Toad's Turnpike,3066.090878,No Items,Cartridge,150cc,48 Tracks,3008.1406689090904,57.95020909090954,0:51:06.090878
22/02/20 (08:001),GCN Dry Dry Desert,3241.368269,No Items,Cartridge,150cc,48 Tracks,3176.7865129090906,64.5817560909095,0:54:01.368269
22/02/20 (08:001),SNES Donut Plains 3,3360.532345,No Items,Cartridge,150cc,48 Tracks,3294.232458090909,66.29988690909113,0:56:00.532345
22/02/20 (08:001),N64 Royal Raceway,3520.537306,No Items,Cartridge,150cc,48 Tracks,3452.759434454546,67.77787154545422,0:58:40.537306
22/02/20 (08:001),3DS DK Jungle,3684.881561,No Items,Cartridge,150cc,48 Tracks,3615.183546363636,69.69801463636395,1:01:24.881561
22/02/20 (08:001),DS Wario Stadium,3841.373138,No Items,Cartridge,150cc,48 Tracks,3769.8401324545453,71.53300554545467,1:04:01.373138
22/02/20 (08:001),GCN Sherbet Land,3996.324514,No Items,Cartridge,150cc,48 Tracks,3921.7439035454536,74.58061045454633,1:06:36.324514
22/02/20 (08:001),3DS Music Park,4160.869439,No Items,Cartridge,150cc,48 Tracks,4082.867787272727,78.00165172727293,1:09:20.869439
22/02/20 (08:001),N64 Yoshi Valley,4325.308603,No Items,Cartridge,150cc,48 Tracks,4242.233685,83.07491800000025,1:12:05.308603
22/02/20 (08:001),DS Tick-Tock Clock,4474.346151000001,No Items,Cartridge,150cc,48 Tracks,4389.909057818182,84.43709318181845,1:14:34.346151
22/02/20 (08:001),3DS Piranha Plant Slide,4643.089522,No Items,Cartridge,150cc,48 Tracks,4555.238300454545,87.85122154545479,1:17:23.089522
22/02/20 (08:001),Wii Grumble Volcano,4808.680533000001,No Items,Cartridge,150cc,48 Tracks,4713.270745272726,95.4097877272743,1:20:08.680533
22/02/20 (08:001),N64 Rainbow Road,4923.904467,No Items,Cartridge,150cc,48 Tracks,4827.541779272728,96.36268772727271,1:22:03.904467
22/02/20 (08:001),GCN Yoshi Circuit,5077.495399,No Items,Cartridge,150cc,48 Tracks,4978.2703914545455,99.2250075454549,1:24:37.495399
22/02/20 (08:001),Excitebike Arena,5221.506801,No Items,Cartridge,150cc,48 Tracks,5121.683268090909,99.82353290909123,1:27:01.506801
22/02/20 (08:001),Dragon Driftway,5372.2364370000005,No Items,Cartridge,150cc,48 Tracks,5269.148747363636,103.0876896363643,1:29:32.236437
22/02/20 (08:001),Mute City,5526.918362,No Items,Cartridge,150cc,48 Tracks,5422.911925454546,104.00643654545456,1:32:06.918362
22/02/20 (08:001),Wii Wario's Gold Mine,5692.702913,No Items,Cartridge,150cc,48 Tracks,5584.845336818182,107.85757618181833,1:34:52.702913
22/02/20 (08:001),SNES Rainbow Road,5824.871991,No Items,Cartridge,150cc,48 Tracks,5712.767605909092,112.10438509090818,1:37:04.871991
22/02/20 (08:001),Ice Ice Outpost,5979.919275,No Items,Cartridge,150cc,48 Tracks,5862.805537545454,117.11373745454603,1:39:39.919275
22/02/20 (08:001),Hyrule Circuit,6138.932402,No Items,Cartridge,150cc,48 Tracks,6016.850500818182,122.08190118181847,1:42:18.932402
22/02/20 (08:001),GCN Baby Park,6239.331229,No Items,Cartridge,150cc,48 Tracks,6116.403908727272,122.92732027272814,1:43:59.331229
22/02/20 (08:001),GBA Cheese Land,6393.011407,No Items,Cartridge,150cc,48 Tracks,6269.190148636363,123.82125836363684,1:46:33.011407
22/02/20 (08:001),Wild Woods,6542.600732,No Items,Cartridge,150cc,48 Tracks,6415.457220181817,127.14351181818256,1:49:02.600732
22/02/20 (08:001),Animal Crossing,6684.188382,No Items,Cartridge,150cc,48 Tracks,6558.302010181817,125.88637181818285,1:51:24.188382
22/02/20 (08:001),3DS Neo Bowser City,6839.383462000001,No Items,Cartridge,150cc,48 Tracks,6711.43996209091,127.94349990909086,1:53:59.383462
22/02/20 (08:001),GBA Ribbon Road,6991.5947510000005,No Items,Cartridge,150cc,48 Tracks,6866.547908818181,125.04684218181956,1:56:31.594751
22/02/20 (08:001),Super Bell Subway,7142.543704000001,No Items,Cartridge,150cc,48 Tracks,7015.497784818182,127.04591918181904,1:59:02.543704
22/02/20 (08:001),Big Blue,7266.128033000001,No Items,Cartridge,150cc,48 Tracks,7137.673903818181,128.45412918181955,2:01:06.128033
22/02/23 (08:002),Start,0.0,No Items,Cartridge,150cc,48 Tracks,0.0,0.0,0:00:00
22/02/23 (08:002),Mario Kart Stadium,130.313486,No Items,Cartridge,150cc,48 Tracks,131.49630545454545,-1.182819454545438,0:02:10.313486
22/02/23 (08:002),Water Park,269.107498,No Items,Cartridge,150cc,48 Tracks,268.4782489090909,0.6292490909091271,0:04:29.107498
22/02/23 (08:002),Sweet Sweet Canyon,417.80575,No Items,Cartridge,150cc,48 Tracks,416.73624336363645,1.069506636363542,0:06:57.805750
22/02/23 (08:002),Thwomp Ruins,569.910976,No Items,Cartridge,150cc,48 Tracks,568.4972812727273,1.4136947272727411,0:09:29.910976
22/02/23 (08:002),Mario Circuit,717.3775909999999,No Items,Cartridge,150cc,48 Tracks,713.936289909091,3.4413010909089508,0:11:57.377591
22/02/23 (08:002),Toad Harbor,884.347688,No Items,Cartridge,150cc,48 Tracks,880.4593404545453,3.8883475454546215,0:14:44.347688
22/02/23 (08:002),Twisted Mansion,1041.079151,No Items,Cartridge,150cc,48 Tracks,1036.0761048181819,5.003046181818036,0:17:21.079151
22/02/23 (08:002),Shy Guy Falls,1204.40689,No Items,Cartridge,150cc,48 Tracks,1198.3508009090908,6.056089090909154,0:20:04.406890
22/02/23 (08:002),Sunshine Airport,1367.730102,No Items,Cartridge,150cc,48 Tracks,1358.3072304545456,9.422871545454427,0:22:47.730102
22/02/23 (08:002),Dolphin Shoals,1525.78471,No Items,Cartridge,150cc,48 Tracks,1515.517235909091,10.26747409090899,0:25:25.784710
22/02/23 (08:002),Electrodrome,1687.650872,No Items,Cartridge,150cc,48 Tracks,1675.2737667272727,12.377105272727249,0:28:07.650872
22/02/23 (08:002),Mount Wario,1837.88239,No Items,Cartridge,150cc,48 Tracks,1822.0335933636366,15.848796636363431,0:30:37.882390
22/02/23 (08:002),Cloudtop Cruise,1998.211643,No Items,Cartridge,150cc,48 Tracks,1983.9868766363638,14.224766363636263,0:33:18.211643
22/02/23 (08:002),Bone-Dry Dunes,2156.729829,No Items,Cartridge,150cc,48 Tracks,2139.8808835454547,16.848945454545174,0:35:56.729829
22/02/23 (08:002),Bowser's Castle,2328.369269,No Items,Cartridge,150cc,48 Tracks,2305.461451090909,22.90781790909068,0:38:48.369269
22/02/23 (08:002),Rainbow Road,2495.1936809999997,No Items,Cartridge,150cc,48 Tracks,2468.9291120909093,26.264568909090485,0:41:35.193681
22/02/23 (08:002),Wii Moo Moo Meadows,2619.3660339999997,No Items,Cartridge,150cc,48 Tracks,2590.5414836363634,28.824550363636263,0:43:39.366034
22/02/23 (08:002),GBA Mario Circuit,2744.720763,No Items,Cartridge,150cc,48 Tracks,2715.158270545455,29.56249245454501,0:45:44.720763
22/02/23 (08:002),DS Cheep Cheep Beach,2892.947795,No Items,Cartridge,150cc,48 Tracks,2862.3727943636363,30.57500063636371,0:48:12.947795
22/02/23 (08:002),N64 Toad's Turnpike,3040.0154,No Items,Cartridge,150cc,48 Tracks,3008.1406689090904,31.87473109090979,0:50:40.015400
22/02/23 (08:002),GCN Dry Dry Desert,3213.961795,No Items,Cartridge,150cc,48 Tracks,3176.7865129090906,37.175282090909604,0:53:33.961795
22/02/23 (08:002),SNES Donut Plains 3,3334.5136810000004,No Items,Cartridge,150cc,48 Tracks,3294.232458090909,40.28122290909141,0:55:34.513681
22/02/23 (08:002),N64 Royal Raceway,3494.7164860000003,No Items,Cartridge,150cc,48 Tracks,3452.759434454546,41.957051545454306,0:58:14.716486
22/02/23 (08:002),3DS DK Jungle,3657.600906,No Items,Cartridge,150cc,48 Tracks,3615.183546363636,42.417359636363926,1:00:57.600906
22/02/23 (08:002),DS Wario Stadium,3814.523569,No Items,Cartridge,150cc,48 Tracks,3769.8401324545453,44.6834365454547,1:03:34.523569
22/02/23 (08:002),GCN Sherbet Land,3968.356532,No Items,Cartridge,150cc,48 Tracks,3921.7439035454536,46.61262845454621,1:06:08.356532
22/02/23 (08:002),3DS Music Park,4128.380658,No Items,Cartridge,150cc,48 Tracks,4082.867787272727,45.51287072727291,1:08:48.380658
22/02/23 (08:002),N64 Yoshi Valley,4288.321725,No Items,Cartridge,150cc,48 Tracks,4242.233685,46.08803999999964,1:11:28.321725
22/02/23 (08:002),DS Tick-Tock Clock,4438.9565489999995,No Items,Cartridge,150cc,48 Tracks,4389.909057818182,49.04749118181735,1:13:58.956549
22/02/23 (08:002),3DS Piranha Plant Slide,4607.186782,No Items,Cartridge,150cc,48 Tracks,4555.238300454545,51.94848154545434,1:16:47.186782
22/02/23 (08:002),Wii Grumble Volcano,4764.630096,No Items,Cartridge,150cc,48 Tracks,4713.270745272726,51.35935072727352,1:19:24.630096
22/02/23 (08:002),N64 Rainbow Road,4879.10929,No Items,Cartridge,150cc,48 Tracks,4827.541779272728,51.56751072727275,1:21:19.109290
22/02/23 (08:002),GCN Yoshi Circuit,5034.798814000001,No Items,Cartridge,150cc,48 Tracks,4978.2703914545455,56.528422545455214,1:23:54.798814
22/02/23 (08:002),Excitebike Arena,5181.702897000001,No Items,Cartridge,150cc,48 Tracks,5121.683268090909,60.01962890909181,1:26:21.702897
22/02/23 (08:002),Dragon Driftway,5331.818481000001,No Items,Cartridge,150cc,48 Tracks,5269.148747363636,62.66973363636498,1:28:51.818481
22/02/23 (08:002),Mute City,5487.892286000001,No Items,Cartridge,150cc,48 Tracks,5422.911925454546,64.98036054545537,1:31:27.892286
22/02/23 (08:002),Wii Wario's Gold Mine,5649.314179000001,No Items,Cartridge,150cc,48 Tracks,5584.845336818182,64.46884218181913,1:34:09.314179
22/02/23 (08:002),SNES Rainbow Road,5779.61303,No Items,Cartridge,150cc,48 Tracks,5712.767605909092,66.84542409090864,1:36:19.613030
22/02/23 (08:002),Ice Ice Outpost,5930.569176000001,No Items,Cartridge,150cc,48 Tracks,5862.805537545454,67.76363845454671,1:38:50.569176
22/02/23 (08:002),Hyrule Circuit,6085.464158000001,No Items,Cartridge,150cc,48 Tracks,6016.850500818182,68.61365718181878,1:41:25.464158
22/02/23 (08:002),GCN Baby Park,6186.005704000001,No Items,Cartridge,150cc,48 Tracks,6116.403908727272,69.60179527272885,1:43:06.005704
22/02/23 (08:002),GBA Cheese Land,6341.595949000001,No Items,Cartridge,150cc,48 Tracks,6269.190148636363,72.40580036363826,1:45:41.595949
22/02/23 (08:002),Wild Woods,6488.8077950000015,No Items,Cartridge,150cc,48 Tracks,6415.457220181817,73.35057481818421,1:48:08.807795
22/02/23 (08:002),Animal Crossing,6629.506022000001,No Items,Cartridge,150cc,48 Tracks,6558.302010181817,71.20401181818397,1:50:29.506022
22/02/23 (08:002),3DS Neo Bowser City,6786.760237000001,No Items,Cartridge,150cc,48 Tracks,6711.43996209091,75.3202749090915,1:53:06.760237
22/02/23 (08:002),GBA Ribbon Road,6946.417636000001,No Items,Cartridge,150cc,48 Tracks,6866.547908818181,79.86972718182005,1:55:46.417636
22/02/23 (08:002),Super Bell Subway,7099.639945000001,No Items,Cartridge,150cc,48 Tracks,7015.497784818182,84.14216018181924,1:58:19.639945
22/02/23 (08:002),Big Blue,7222.9940990000005,No Items,Cartridge,150cc,48 Tracks,7137.673903818181,85.32019518181914,2:00:22.994099
22/02/25 (08:003),Start,0.0,No Items,Cartridge,150cc,48 Tracks,0.0,0.0,0:00:00
22/02/25 (08:003),Mario Kart Stadium,132.745151,No Items,Cartridge,150cc,48 Tracks,131.49630545454545,1.248845545454543,0:02:12.745151
22/02/25 (08:003),Water Park,272.45187799999997,No Items,Cartridge,150cc,48 Tracks,268.4782489090909,3.9736290909090712,0:04:32.451878
22/02/25 (08:003),Sweet Sweet Canyon,420.182961,No Items,Cartridge,150cc,48 Tracks,416.73624336363645,3.4467176363635303,0:07:00.182961
22/02/25 (08:003),Thwomp Ruins,572.029997,No Items,Cartridge,150cc,48 Tracks,568.4972812727273,3.5327157272727163,0:09:32.029997
22/02/25 (08:003),Mario Circuit,719.688328,No Items,Cartridge,150cc,48 Tracks,713.936289909091,5.752038090908968,0:11:59.688328
22/02/25 (08:003),Toad Harbor,890.6498359999999,No Items,Cartridge,150cc,48 Tracks,880.4593404545453,10.19049554545461,0:14:50.649836
22/02/25 (08:003),Twisted Mansion,1048.167138,No Items,Cartridge,150cc,48 Tracks,1036.0761048181819,12.091033181818148,0:17:28.167138
22/02/25 (08:003),Shy Guy Falls,1210.873424,No Items,Cartridge,150cc,48 Tracks,1198.3508009090908,12.522623090909292,0:20:10.873424
22/02/25 (08:003),Sunshine Airport,1375.0630820000001,No Items,Cartridge,150cc,48 Tracks,1358.3072304545456,16.75585154545456,0:22:55.063082
22/02/25 (08:003),Dolphin Shoals,1533.9765980000002,No Items,Cartridge,150cc,48 Tracks,1515.517235909091,18.45936209090928,0:25:33.976598
22/02/25 (08:003),Electrodrome,1693.864477,No Items,Cartridge,150cc,48 Tracks,1675.2737667272727,18.590710272727392,0:28:13.864477
22/02/25 (08:003),Mount Wario,1843.1640180000002,No Items,Cartridge,150cc,48 Tracks,1822.0335933636366,21.130424636363614,0:30:43.164018
22/02/25 (08:003),Cloudtop Cruise,2005.2240490000002,No Items,Cartridge,150cc,48 Tracks,1983.9868766363638,21.23717236363632,0:33:25.224049
22/02/25 (08:003),Bone-Dry Dunes,2160.841167,No Items,Cartridge,150cc,48 Tracks,2139.8808835454547,20.960283454545333,0:36:00.841167
22/02/25 (08:003),Bowser's Castle,2325.70806,No Items,Cartridge,150cc,48 Tracks,2305.461451090909,20.24660890909081,0:38:45.708060
22/02/25 (08:003),Rainbow Road,2493.537539,No Items,Cartridge,150cc,48 Tracks,2468.9291120909093,24.608426909090667,0:41:33.537539
22/02/25 (08:003),Wii Moo Moo Meadows,2615.966493,No Items,Cartridge,150cc,48 Tracks,2590.5414836363634,25.42500936363649,0:43:35.966493
22/02/25 (08:003),GBA Mario Circuit,2742.166007,No Items,Cartridge,150cc,48 Tracks,2715.158270545455,27.00773645454501,0:45:42.166007
22/02/25 (08:003),DS Cheep Cheep Beach,2890.564515,No Items,Cartridge,150cc,48 Tracks,2862.3727943636363,28.191720636363698,0:48:10.564515
22/02/25 (08:003),N64 Toad's Turnpike,3037.075594,No Items,Cartridge,150cc,48 Tracks,3008.1406689090904,28.934925090909474,0:50:37.075594
22/02/25 (08:003),GCN Dry Dry Desert,3215.453337,No Items,Cartridge,150cc,48 Tracks,3176.7865129090906,38.66682409090936,0:53:35.453337
22/02/25 (08:003),SNES Donut Plains 3,3333.670542,No Items,Cartridge,150cc,48 Tracks,3294.232458090909,39.43808390909089,0:55:33.670542
22/02/25 (08:003),N64 Royal Raceway,3492.7837259999997,No Items,Cartridge,150cc,48 Tracks,3452.759434454546,40.02429154545371,0:58:12.783726
22/02/25 (08:003),3DS DK Jungle,3656.22385,No Items,Cartridge,150cc,48 Tracks,3615.183546363636,41.04030363636366,1:00:56.223850
22/02/25 (08:003),DS Wario Stadium,3811.091887,No Items,Cartridge,150cc,48 Tracks,3769.8401324545453,41.25175454545479,1:03:31.091887
22/02/25 (08:003),GCN Sherbet Land,3963.878348,No Items,Cartridge,150cc,48 Tracks,3921.7439035454536,42.13444445454661,1:06:03.878348
22/02/25 (08:003),3DS Music Park,4126.683588,No Items,Cartridge,150cc,48 Tracks,4082.867787272727,43.815800727272745,1:08:46.683588
22/02/25 (08:003),N64 Yoshi Valley,4286.070697,No Items,Cartridge,150cc,48 Tracks,4242.233685,43.83701199999996,1:11:26.070697
22/02/25 (08:003),DS Tick-Tock Clock,4434.893543,No Items,Cartridge,150cc,48 Tracks,4389.909057818182,44.984485181817945,1:13:54.893543
22/02/25 (08:003),3DS Piranha Plant Slide,4601.57496,No Items,Cartridge,150cc,48 Tracks,4555.238300454545,46.336659545454495,1:16:41.574960
22/02/25 (08:003),Wii Grumble Volcano,4762.016899,No Items,Cartridge,150cc,48 Tracks,4713.270745272726,48.74615372727385,1:19:22.016899
22/02/25 (08:003),N64 Rainbow Road,4877.417825,No Items,Cartridge,150cc,48 Tracks,4827.541779272728,49.87604572727287,1:21:17.417825
22/02/25 (08:003),GCN Yoshi Circuit,5029.720028000001,No Items,Cartridge,150cc,48 Tracks,4978.2703914545455,51.44963654545518,1:23:49.720028
22/02/25 (08:003),Excitebike Arena,5172.220598000001,No Items,Cartridge,150cc,48 Tracks,5121.683268090909,50.53732990909157,1:26:12.220598
22/02/25 (08:003),Dragon Driftway,5321.413493000001,No Items,Cartridge,150cc,48 Tracks,5269.148747363636,52.26474563636475,1:28:41.413493
22/02/25 (08:003),Mute City,5475.3378680000005,No Items,Cartridge,150cc,48 Tracks,5422.911925454546,52.425942545454745,1:31:15.337868
22/02/25 (08:003),Wii Wario's Gold Mine,5637.797973000001,No Items,Cartridge,150cc,48 Tracks,5584.845336818182,52.95263618181889,1:33:57.797973
22/02/25 (08:003),SNES Rainbow Road,5769.742331,No Items,Cartridge,150cc,48 Tracks,5712.767605909092,56.97472509090858,1:36:09.742331
22/02/25 (08:003),Ice Ice Outpost,5922.857271000001,No Items,Cartridge,150cc,48 Tracks,5862.805537545454,60.05173345454659,1:38:42.857271
22/02/25 (08:003),Hyrule Circuit,6081.036659,No Items,Cartridge,150cc,48 Tracks,6016.850500818182,64.18615818181843,1:41:21.036659
22/02/25 (08:003),GCN Baby Park,6181.180015,No Items,Cartridge,150cc,48 Tracks,6116.403908727272,64.7761062727277,1:43:01.180015
22/02/25 (08:003),GBA Cheese Land,6337.731305,No Items,Cartridge,150cc,48 Tracks,6269.190148636363,68.54115636363713,1:45:37.731305
22/02/25 (08:003),Wild Woods,6485.08024,No Items,Cartridge,150cc,48 Tracks,6415.457220181817,69.62301981818291,1:48:05.080240
22/02/25 (08:003),Animal Crossing,6625.506665,No Items,Cartridge,150cc,48 Tracks,6558.302010181817,67.20465481818246,1:50:25.506665
22/02/25 (08:003),3DS Neo Bowser City,6776.828667,No Items,Cartridge,150cc,48 Tracks,6711.43996209091,65.38870490908994,1:52:56.828667
22/02/25 (08:003),GBA Ribbon Road,6931.283407999999,No Items,Cartridge,150cc,48 Tracks,6866.547908818181,64.73549918181834,1:55:31.283408
22/02/25 (08:003),Super Bell Subway,7081.777743999999,No Items,Cartridge,150cc,48 Tracks,7015.497784818182,66.2799591818175,1:58:01.777744
22/02/25 (08:003),Big Blue,7205.880080999999,No Items,Cartridge,150cc,48 Tracks,7137.673903818181,68.20617718181802,2:00:05.880081
22/02/27 (08:004),Start,0.0,No Items,Cartridge,150cc,48 Tracks,0.0,0.0,0:00:00
22/02/27 (08:004),Mario Kart Stadium,131.964295,No Items,Cartridge,150cc,48 Tracks,131.49630545454545,0.4679895454545431,0:02:11.964295
22/02/27 (08:004),Water Park,273.062002,No Items,Cartridge,150cc,48 Tracks,268.4782489090909,4.583753090909113,0:04:33.062002
22/02/27 (08:004),Sweet Sweet Canyon,420.991947,No Items,Cartridge,150cc,48 Tracks,416.73624336363645,4.255703636363535,0:07:00.991947
22/02/27 (08:004),Thwomp Ruins,572.503151,No Items,Cartridge,150cc,48 Tracks,568.4972812727273,4.005869727272739,0:09:32.503151
22/02/27 (08:004),Mario Circuit,718.656746,No Items,Cartridge,150cc,48 Tracks,713.936289909091,4.7204560909090105,0:11:58.656746
22/02/27 (08:004),Toad Harbor,885.7844709999999,No Items,Cartridge,150cc,48 Tracks,880.4593404545453,5.325130545454613,0:14:45.784471
22/02/27 (08:004),Twisted Mansion,1041.588076,No Items,Cartridge,150cc,48 Tracks,1036.0761048181819,5.511971181818126,0:17:21.588076
22/02/27 (08:004),Shy Guy Falls,1207.578328,No Items,Cartridge,150cc,48 Tracks,1198.3508009090908,9.227527090909234,0:20:07.578328
22/02/27 (08:004),Sunshine Airport,1367.155918,No Items,Cartridge,150cc,48 Tracks,1358.3072304545456,8.848687545454368,0:22:47.155918
22/02/27 (08:004),Dolphin Shoals,1524.5351859999998,No Items,Cartridge,150cc,48 Tracks,1515.517235909091,9.017950090908926,0:25:24.535186
22/02/27 (08:004),Electrodrome,1684.9134009999998,No Items,Cartridge,150cc,48 Tracks,1675.2737667272727,9.639634272727108,0:28:04.913401
22/02/27 (08:004),Mount Wario,1831.7520179999997,No Items,Cartridge,150cc,48 Tracks,1822.0335933636366,9.718424636363125,0:30:31.752018
22/02/27 (08:004),Cloudtop Cruise,1998.7738389999997,No Items,Cartridge,150cc,48 Tracks,1983.9868766363638,14.786962363635894,0:33:18.773839
22/02/27 (08:004),Bone-Dry Dunes,2156.4401749999997,No Items,Cartridge,150cc,48 Tracks,2139.8808835454547,16.55929145454502,0:35:56.440175
22/02/27 (08:004),Bowser's Castle,2321.5722459999997,No Items,Cartridge,150cc,48 Tracks,2305.461451090909,16.1107949090906,0:38:41.572246
22/02/27 (08:004),Rainbow Road,2491.7065759999996,No Items,Cartridge,150cc,48 Tracks,2468.9291120909093,22.77746390909033,0:41:31.706576
22/02/27 (08:004),Wii Moo Moo Meadows,2614.1478649999995,No Items,Cartridge,150cc,48 Tracks,2590.5414836363634,23.606381363636046,0:43:34.147865
22/02/27 (08:004),GBA Mario Circuit,2740.9071529999997,No Items,Cartridge,150cc,48 Tracks,2715.158270545455,25.748882454544855,0:45:40.907153
22/02/27 (08:004),DS Cheep Cheep Beach,2889.1103459999995,No Items,Cartridge,150cc,48 Tracks,2862.3727943636363,26.73755163636315,0:48:09.110346
22/02/27 (08:004),N64 Toad's Turnpike,3035.0078129999993,No Items,Cartridge,150cc,48 Tracks,3008.1406689090904,26.867144090908823,0:50:35.007813
22/02/27 (08:004),GCN Dry Dry Desert,3207.433245999999,No Items,Cartridge,150cc,48 Tracks,3176.7865129090906,30.646733090908583,0:53:27.433246
22/02/27 (08:004),SNES Donut Plains 3,3322.831066999999,No Items,Cartridge,150cc,48 Tracks,3294.232458090909,28.598608909090217,0:55:22.831067
22/02/27 (08:004),N64 Royal Raceway,3481.337871999999,No Items,Cartridge,150cc,48 Tracks,3452.759434454546,28.5784375454532,0:58:01.337872
22/02/27 (08:004),3DS DK Jungle,3644.0972389999993,No Items,Cartridge,150cc,48 Tracks,3615.183546363636,28.913692636363066,1:00:44.097239
22/02/27 (08:004),DS Wario Stadium,3798.905431999999,No Items,Cartridge,150cc,48 Tracks,3769.8401324545453,29.065299545453854,1:03:18.905432
22/02/27 (08:004),GCN Sherbet Land,3951.880827999999,No Items,Cartridge,150cc,48 Tracks,3921.7439035454536,30.13692445454535,1:05:51.880828
22/02/27 (08:004),3DS Music Park,4113.994808999999,No Items,Cartridge,150cc,48 Tracks,4082.867787272727,31.127021727271767,1:08:33.994809
22/02/27 (08:004),N64 Yoshi Valley,4272.6713949999985,No Items,Cartridge,150cc,48 Tracks,4242.233685,30.437709999998333,1:11:12.671395
22/02/27 (08:004),DS Tick-Tock Clock,4422.665636999998,No Items,Cartridge,150cc,48 Tracks,4389.909057818182,32.75657918181605,1:13:42.665637
22/02/27 (08:004),3DS Piranha Plant Slide,4588.4230849999985,No Items,Cartridge,150cc,48 Tracks,4555.238300454545,33.18478454545311,1:16:28.423085
22/02/27 (08:004),Wii Grumble Volcano,4746.122052999998,No Items,Cartridge,150cc,48 Tracks,4713.270745272726,32.85130772727189,1:19:06.122053
22/02/27 (08:004),N64 Rainbow Road,4860.544679999998,No Items,Cartridge,150cc,48 Tracks,4827.541779272728,33.00290072727057,1:21:00.544680
22/02/27 (08:004),GCN Yoshi Circuit,5012.828060999998,No Items,Cartridge,150cc,48 Tracks,4978.2703914545455,34.55766954545288,1:23:32.828061
22/02/27 (08:004),Excitebike Arena,5157.524253999998,No Items,Cartridge,150cc,48 Tracks,5121.683268090909,35.840985909088886,1:25:57.524254
22/02/27 (08:004),Dragon Driftway,5304.987941999998,No Items,Cartridge,150cc,48 Tracks,5269.148747363636,35.83919463636175,1:28:24.987942
22/02/27 (08:004),Mute City,5458.173587999998,No Items,Cartridge,150cc,48 Tracks,5422.911925454546,35.261662545452054,1:30:58.173588
22/02/27 (08:004),Wii Wario's Gold Mine,5620.8481619999975,No Items,Cartridge,150cc,48 Tracks,5584.845336818182,36.00282518181575,1:33:40.848162
22/02/27 (08:004),SNES Rainbow Road,5752.773134999998,No Items,Cartridge,150cc,48 Tracks,5712.767605909092,40.00552909090584,1:35:52.773135
22/02/27 (08:004),Ice Ice Outpost,5902.321284999997,No Items,Cartridge,150cc,48 Tracks,5862.805537545454,39.51574745454309,1:38:22.321285
22/02/27 (08:004),Hyrule Circuit,6055.061356999997,No Items,Cartridge,150cc,48 Tracks,6016.850500818182,38.21085618181496,1:40:55.061357
22/02/27 (08:004),GCN Baby Park,6154.934957999997,No Items,Cartridge,150cc,48 Tracks,6116.403908727272,38.531049272724886,1:42:34.934958
22/02/27 (08:004),GBA Cheese Land,6306.266588999997,No Items,Cartridge,150cc,48 Tracks,6269.190148636363,37.07644036363399,1:45:06.266589
22/02/27 (08:004),Wild Woods,6453.5301169999975,No Items,Cartridge,150cc,48 Tracks,6415.457220181817,38.0728968181802,1:47:33.530117
22/02/27 (08:004),Animal Crossing,6603.499568999998,No Items,Cartridge,150cc,48 Tracks,6558.302010181817,45.19755881818037,1:50:03.499569
22/02/27 (08:004),3DS Neo Bowser City,6763.622591999998,No Items,Cartridge,150cc,48 Tracks,6711.43996209091,52.182629909088064,1:52:43.622592
22/02/27 (08:004),GBA Ribbon Road,6916.970517999998,No Items,Cartridge,150cc,48 Tracks,6866.547908818181,50.42260918181728,1:55:16.970518
22/02/27 (08:004),Super Bell Subway,7068.405611999999,No Items,Cartridge,150cc,48 Tracks,7015.497784818182,52.90782718181708,1:57:48.405612
22/02/27 (08:004),Big Blue,7190.1819879999985,No Items,Cartridge,150cc,48 Tracks,7137.673903818181,52.50808418181714,1:59:50.181988
22/03/07 (08:005),Start,0.0,No Items,Cartridge,150cc,48 Tracks,0.0,0.0,0:00:00
22/03/07 (08:005),Mario Kart Stadium,132.839551,No Items,Cartridge,150cc,48 Tracks,131.49630545454545,1.3432455454545504,0:02:12.839551
22/03/07 (08:005),Water Park,269.69305499999996,No Items,Cartridge,150cc,48 Tracks,268.4782489090909,1.2148060909090646,0:04:29.693055
22/03/07 (08:005),Sweet Sweet Canyon,418.58229499999993,No Items,Cartridge,150cc,48 Tracks,416.73624336363645,1.8460516363634838,0:06:58.582295
22/03/07 (08:005),Thwomp Ruins,574.1427489999999,No Items,Cartridge,150cc,48 Tracks,568.4972812727273,5.645467727272603,0:09:34.142749
22/03/07 (08:005),Mario Circuit,720.4113619999998,No Items,Cartridge,150cc,48 Tracks,713.936289909091,6.475072090908839,0:12:00.411362
22/03/07 (08:005),Toad Harbor,887.4428689999999,No Items,Cartridge,150cc,48 Tracks,880.4593404545453,6.983528545454533,0:14:47.442869
22/03/07 (08:005),Twisted Mansion,1045.195873,No Items,Cartridge,150cc,48 Tracks,1036.0761048181819,9.119768181818017,0:17:25.195873
22/03/07 (08:005),Shy Guy Falls,1208.1620589999998,No Items,Cartridge,150cc,48 Tracks,1198.3508009090908,9.81125809090895,0:20:08.162059
22/03/07 (08:005),Sunshine Airport,1369.1392979999998,No Items,Cartridge,150cc,48 Tracks,1358.3072304545456,10.832067545454265,0:22:49.139298
22/03/07 (08:005),Dolphin Shoals,1528.771147,No Items,Cartridge,150cc,48 Tracks,1515.517235909091,13.253911090909014,0:25:28.771147
22/03/07 (08:005),Electrodrome,1690.728564,No Items,Cartridge,150cc,48 Tracks,1675.2737667272727,15.454797272727319,0:28:10.728564
22/03/07 (08:005),Mount Wario,1837.543545,No Items,Cartridge,150cc,48 Tracks,1822.0335933636366,15.50995163636344,0:30:37.543545
22/03/07 (08:005),Cloudtop Cruise,2001.454224,No Items,Cartridge,150cc,48 Tracks,1983.9868766363638,17.467347363636236,0:33:21.454224
22/03/07 (08:005),Bone-Dry Dunes,2158.853036,No Items,Cartridge,150cc,48 Tracks,2139.8808835454547,18.972152454545267,0:35:58.853036
22/03/07 (08:005),Bowser's Castle,2323.82192,No Items,Cartridge,150cc,48 Tracks,2305.461451090909,18.36046890909074,0:38:43.821920
22/03/07 (08:005),Rainbow Road,2487.1117409999997,No Items,Cartridge,150cc,48 Tracks,2468.9291120909093,18.182628909090454,0:41:27.111741
22/03/07 (08:005),Wii Moo Moo Meadows,2609.1382249999997,No Items,Cartridge,150cc,48 Tracks,2590.5414836363634,18.596741363636283,0:43:29.138225
22/03/07 (08:005),GBA Mario Circuit,2734.4726229999997,No Items,Cartridge,150cc,48 Tracks,2715.158270545455,19.31435245454486,0:45:34.472623
22/03/07 (08:005),DS Cheep Cheep Beach,2881.2700749999995,No Items,Cartridge,150cc,48 Tracks,2862.3727943636363,18.89728063636312,0:48:01.270075
22/03/07 (08:005),N64 Toad's Turnpike,3029.5829109999995,No Items,Cartridge,150cc,48 Tracks,3008.1406689090904,21.442242090909076,0:50:29.582911
22/03/07 (08:005),GCN Dry Dry Desert,3197.6211489999996,No Items,Cartridge,150cc,48 Tracks,3176.7865129090906,20.834636090909044,0:53:17.621149
22/03/07 (08:005),SNES Donut Plains 3,3317.4535419999997,No Items,Cartridge,150cc,48 Tracks,3294.232458090909,23.221083909090794,0:55:17.453542
22/03/07 (08:005),N64 Royal Raceway,3477.9635879999996,No Items,Cartridge,150cc,48 Tracks,3452.759434454546,25.204153545453664,0:57:57.963588
22/03/07 (08:005),3DS DK Jungle,3640.735711,No Items,Cartridge,150cc,48 Tracks,3615.183546363636,25.552164636363614,1:00:40.735711
22/03/07 (08:005),DS Wario Stadium,3796.92413,No Items,Cartridge,150cc,48 Tracks,3769.8401324545453,27.083997545454622,1:03:16.924130
22/03/07 (08:005),GCN Sherbet Land,3950.322163,No Items,Cartridge,150cc,48 Tracks,3921.7439035454536,28.57825945454624,1:05:50.322163
22/03/07 (08:005),3DS Music Park,4112.982571,No Items,Cartridge,150cc,48 Tracks,4082.867787272727,30.114783727272425,1:08:32.982571
22/03/07 (08:005),N64 Yoshi Valley,4272.498331999999,No Items,Cartridge,150cc,48 Tracks,4242.233685,30.26464699999906,1:11:12.498332
22/03/07 (08:005),DS Tick-Tock Clock,4423.148585999999,No Items,Cartridge,150cc,48 Tracks,4389.909057818182,33.23952818181715,1:13:43.148586
22/03/07 (08:005),3DS Piranha Plant Slide,4589.988167999999,No Items,Cartridge,150cc,48 Tracks,4555.238300454545,34.749867545453526,1:16:29.988168
22/03/07 (08:005),Wii Grumble Volcano,4751.520001999999,No Items,Cartridge,150cc,48 Tracks,4713.270745272726,38.24925672727295,1:19:11.520002
22/03/07 (08:005),N64 Rainbow Road,4867.368315999999,No Items,Cartridge,150cc,48 Tracks,4827.541779272728,39.82653672727156,1:21:07.368316
22/03/07 (08:005),GCN Yoshi Circuit,5024.3855269999995,No Items,Cartridge,150cc,48 Tracks,4978.2703914545455,46.115135545453995,1:23:44.385527
22/03/07 (08:005),Excitebike Arena,5171.462699999999,No Items,Cartridge,150cc,48 Tracks,5121.683268090909,49.77943190908991,1:26:11.462700
22/03/07 (08:005),Dragon Driftway,5319.2353969999995,No Items,Cartridge,150cc,48 Tracks,5269.148747363636,50.08664963636329,1:28:39.235397
22/03/07 (08:005),Mute City,5473.194023999999,No Items,Cartridge,150cc,48 Tracks,5422.911925454546,50.282098545453664,1:31:13.194024
22/03/07 (08:005),Wii Wario's Gold Mine,5639.3649749999995,No Items,Cartridge,150cc,48 Tracks,5584.845336818182,54.519638181817754,1:33:59.364975
22/03/07 (08:005),SNES Rainbow Road,5769.580687,No Items,Cartridge,150cc,48 Tracks,5712.767605909092,56.81308109090787,1:36:09.580687
22/03/07 (08:005),Ice Ice Outpost,5919.527278,No Items,Cartridge,150cc,48 Tracks,5862.805537545454,56.7217404545454,1:38:39.527278
22/03/07 (08:005),Hyrule Circuit,6075.437776999999,No Items,Cartridge,150cc,48 Tracks,6016.850500818182,58.58727618181729,1:41:15.437777
22/03/07 (08:005),GCN Baby Park,6177.052848999999,No Items,Cartridge,150cc,48 Tracks,6116.403908727272,60.64894027272658,1:42:57.052849
22/03/07 (08:005),GBA Cheese Land,6336.804387999999,No Items,Cartridge,150cc,48 Tracks,6269.190148636363,67.61423936363553,1:45:36.804388
22/03/07 (08:005),Wild Woods,6487.118782999999,No Items,Cartridge,150cc,48 Tracks,6415.457220181817,71.66156281818166,1:48:07.118783
22/03/07 (08:005),Animal Crossing,6638.243565999999,No Items,Cartridge,150cc,48 Tracks,6558.302010181817,79.94155581818177,1:50:38.243566
22/03/07 (08:005),3DS Neo Bowser City,6793.167184999999,No Items,Cartridge,150cc,48 Tracks,6711.43996209091,81.7272229090895,1:53:13.167185
22/03/07 (08:005),GBA Ribbon Road,6944.6802529999995,No Items,Cartridge,150cc,48 Tracks,6866.547908818181,78.13234418181855,1:55:44.680253
22/03/07 (08:005),Super Bell Subway,7096.205545999999,No Items,Cartridge,150cc,48 Tracks,7015.497784818182,80.70776118181766,1:58:16.205546
22/03/07 (08:005),Big Blue,7219.229146,No Items,Cartridge,150cc,48 Tracks,7137.673903818181,81.55524218181836,2:00:19.229146
22/03/13 (08:006),Start,0.0,No Items,Cartridge,150cc,48 Tracks,0.0,0.0,0:00:00
22/03/13 (08:006),Mario Kart Stadium,131.753976,No Items,Cartridge,150cc,48 Tracks,131.49630545454545,0.2576705454545447,0:02:11.753976
22/03/13 (08:006),Water Park,269.265533,No Items,Cartridge,150cc,48 Tracks,268.4782489090909,0.787284090909111,0:04:29.265533
22/03/13 (08:006),Sweet Sweet Canyon,418.08802000000003,No Items,Cartridge,150cc,48 Tracks,416.73624336363645,1.3517766363635815,0:06:58.088020
22/03/13 (08:006),Thwomp Ruins,570.238924,No Items,Cartridge,150cc,48 Tracks,568.4972812727273,1.7416427272727333,0:09:30.238924
22/03/13 (08:006),Mario Circuit,716.107839,No Items,Cartridge,150cc,48 Tracks,713.936289909091,2.171549090909025,0:11:56.107839
22/03/13 (08:006),Toad Harbor,882.22298,No Items,Cartridge,150cc,48 Tracks,880.4593404545453,1.76363954545468,0:14:42.222980
22/03/13 (08:006),Twisted Mansion,1038.6649419999999,No Items,Cartridge,150cc,48 Tracks,1036.0761048181819,2.5888371818180076,0:17:18.664942
22/03/13 (08:006),Shy Guy Falls,1200.3061069999999,No Items,Cartridge,150cc,48 Tracks,1198.3508009090908,1.9553060909090618,0:20:00.306107
22/03/13 (08:006),Sunshine Airport,1359.4946659999998,No Items,Cartridge,150cc,48 Tracks,1358.3072304545456,1.1874355454542638,0:22:39.494666
22/03/13 (08:006),Dolphin Shoals,1516.0497859999998,No Items,Cartridge,150cc,48 Tracks,1515.517235909091,0.5325500909088987,0:25:16.049786
22/03/13 (08:006),Electrodrome,1676.1036609999999,No Items,Cartridge,150cc,48 Tracks,1675.2737667272727,0.8298942727271879,0:27:56.103661
22/03/13 (08:006),Mount Wario,1820.674243,No Items,Cartridge,150cc,48 Tracks,1822.0335933636366,-1.3593503636366222,0:30:20.674243
22/03/13 (08:006),Cloudtop Cruise,1982.090491,No Items,Cartridge,150cc,48 Tracks,1983.9868766363638,-1.8963856363639024,0:33:02.090491
22/03/13 (08:006),Bone-Dry Dunes,2137.631646,No Items,Cartridge,150cc,48 Tracks,2139.8808835454547,-2.249237545454889,0:35:37.631646
22/03/13 (08:006),Bowser's Castle,2302.6688179999996,No Items,Cartridge,150cc,48 Tracks,2305.461451090909,-2.792633090909476,0:38:22.668818
22/03/13 (08:006),Rainbow Road,2463.812615,No Items,Cartridge,150cc,48 Tracks,2468.9291120909093,-5.116497090909434,0:41:03.812615
22/03/13 (08:006),Wii Moo Moo Meadows,2586.4308619999997,No Items,Cartridge,150cc,48 Tracks,2590.5414836363634,-4.110621636363703,0:43:06.430862
22/03/13 (08:006),GBA Mario Circuit,2710.2960679999997,No Items,Cartridge,150cc,48 Tracks,2715.158270545455,-4.862202545455148,0:45:10.296068
22/03/13 (08:006),DS Cheep Cheep Beach,2856.6061569999997,No Items,Cartridge,150cc,48 Tracks,2862.3727943636363,-5.766637363636619,0:47:36.606157
22/03/13 (08:006),N64 Toad's Turnpike,3003.848905,No Items,Cartridge,150cc,48 Tracks,3008.1406689090904,-4.291763909090605,0:50:03.848905
22/03/13 (08:006),GCN Dry Dry Desert,3170.575785,No Items,Cartridge,150cc,48 Tracks,3176.7865129090906,-6.210727909090565,0:52:50.575785
22/03/13 (08:006),SNES Donut Plains 3,3287.578998,No Items,Cartridge,150cc,48 Tracks,3294.232458090909,-6.653460090908993,0:54:47.578998
22/03/13 (08:006),N64 Royal Raceway,3446.3052979999998,No Items,Cartridge,150cc,48 Tracks,3452.759434454546,-6.4541364545461875,0:57:26.305298
22/03/13 (08:006),3DS DK Jungle,3609.1945589999996,No Items,Cartridge,150cc,48 Tracks,3615.183546363636,-5.988987363636625,1:00:09.194559
22/03/13 (08:006),DS Wario Stadium,3762.5617969999994,No Items,Cartridge,150cc,48 Tracks,3769.8401324545453,-7.278335454545868,1:02:42.561797
22/03/13 (08:006),GCN Sherbet Land,3915.071201999999,No Items,Cartridge,150cc,48 Tracks,3921.7439035454536,-6.672701545454402,1:05:15.071202
22/03/13 (08:006),3DS Music Park,4075.9266469999993,No Items,Cartridge,150cc,48 Tracks,4082.867787272727,-6.941140272727807,1:07:55.926647
22/03/13 (08:006),N64 Yoshi Valley,4234.38585,No Items,Cartridge,150cc,48 Tracks,4242.233685,-7.847835000000487,1:10:34.385850
22/03/13 (08:006),DS Tick-Tock Clock,4382.933797,No Items,Cartridge,150cc,48 Tracks,4389.909057818182,-6.975260818182505,1:13:02.933797
22/03/13 (08:006),3DS Piranha Plant Slide,4547.774872999999,No Items,Cartridge,150cc,48 Tracks,4555.238300454545,-7.463427454546036,1:15:47.774873
22/03/13 (08:006),Wii Grumble Volcano,4704.9000399999995,No Items,Cartridge,150cc,48 Tracks,4713.270745272726,-8.37070527272681,1:18:24.900040
22/03/13 (08:006),N64 Rainbow Road,4819.425303,No Items,Cartridge,150cc,48 Tracks,4827.541779272728,-8.116476272727596,1:20:19.425303
22/03/13 (08:006),GCN Yoshi Circuit,4969.319035,No Items,Cartridge,150cc,48 Tracks,4978.2703914545455,-8.95135645454502,1:22:49.319035
22/03/13 (08:006),Excitebike Arena,5111.540360000001,No Items,Cartridge,150cc,48 Tracks,5121.683268090909,-10.14290809090835,1:25:11.540360
22/03/13 (08:006),Dragon Driftway,5259.848371000001,No Items,Cartridge,150cc,48 Tracks,5269.148747363636,-9.300376363635223,1:27:39.848371
22/03/13 (08:006),Mute City,5412.165577000001,No Items,Cartridge,150cc,48 Tracks,5422.911925454546,-10.746348454545114,1:30:12.165577
22/03/13 (08:006),Wii Wario's Gold Mine,5574.202772000001,No Items,Cartridge,150cc,48 Tracks,5584.845336818182,-10.6425648181812,1:32:54.202772
22/03/13 (08:006),SNES Rainbow Road,5700.932940000001,No Items,Cartridge,150cc,48 Tracks,5712.767605909092,-11.8346659090912,1:35:00.932940
22/03/13 (08:006),Ice Ice Outpost,5860.346265,No Items,Cartridge,150cc,48 Tracks,5862.805537545454,-2.4592725454540414,1:37:40.346265
22/03/13 (08:006),Hyrule Circuit,6014.13263,No Items,Cartridge,150cc,48 Tracks,6016.850500818182,-2.7178708181818365,1:40:14.132630
22/03/13 (08:006),GCN Baby Park,6114.322981,No Items,Cartridge,150cc,48 Tracks,6116.403908727272,-2.0809277272719555,1:41:54.322981
22/03/13 (08:006),GBA Cheese Land,6266.618675000001,No Items,Cartridge,150cc,48 Tracks,6269.190148636363,-2.571473636362498,1:44:26.618675
22/03/13 (08:006),Wild Woods,6412.4786970000005,No Items,Cartridge,150cc,48 Tracks,6415.457220181817,-2.978523181816854,1:46:52.478697
22/03/13 (08:006),Animal Crossing,6561.658051,No Items,Cartridge,150cc,48 Tracks,6558.302010181817,3.356040818182919,1:49:21.658051
22/03/13 (08:006),3DS Neo Bowser City,6714.048377,No Items,Cartridge,150cc,48 Tracks,6711.43996209091,2.608414909090243,1:51:54.048377
22/03/13 (08:006),GBA Ribbon Road,6871.854218,No Items,Cartridge,150cc,48 Tracks,6866.547908818181,5.306309181819415,1:54:31.854218
22/03/13 (08:006),Super Bell Subway,7021.344319000001,No Items,Cartridge,150cc,48 Tracks,7015.497784818182,5.846534181819152,1:57:01.344319
22/03/13 (08:006),Big Blue,7142.956953000001,No Items,Cartridge,150cc,48 Tracks,7137.673903818181,5.283049181819479,1:59:02.956953
22/03/15 (08:007),Start,0.0,No Items,Cartridge,150cc,48 Tracks,0.0,0.0,0:00:00
22/03/15 (08:007),Mario Kart Stadium,131.563786,No Items,Cartridge,150cc,48 Tracks,131.49630545454545,0.06748054545454352,0:02:11.563786
22/03/15 (08:007),Water Park,267.984508,No Items,Cartridge,150cc,48 Tracks,268.4782489090909,-0.49374090909088864,0:04:27.984508
22/03/15 (08:007),Sweet Sweet Canyon,417.643367,No Items,Cartridge,150cc,48 Tracks,416.73624336363645,0.9071236363635649,0:06:57.643367
22/03/15 (08:007),Thwomp Ruins,568.627556,No Items,Cartridge,150cc,48 Tracks,568.4972812727273,0.1302747272727629,0:09:28.627556
22/03/15 (08:007),Mario Circuit,714.8612740000001,No Items,Cartridge,150cc,48 Tracks,713.936289909091,0.9249840909091063,0:11:54.861274
22/03/15 (08:007),Toad Harbor,885.5387380000001,No Items,Cartridge,150cc,48 Tracks,880.4593404545453,5.0793975454547535,0:14:45.538738
22/03/15 (08:007),Twisted Mansion,1041.2622700000002,No Items,Cartridge,150cc,48 Tracks,1036.0761048181819,5.186165181818296,0:17:21.262270
22/03/15 (08:007),Shy Guy Falls,1203.4756720000003,No Items,Cartridge,150cc,48 Tracks,1198.3508009090908,5.124871090909437,0:20:03.475672
22/03/15 (08:007),Sunshine Airport,1362.5928750000003,No Items,Cartridge,150cc,48 Tracks,1358.3072304545456,4.285644545454716,0:22:42.592875
22/03/15 (08:007),Dolphin Shoals,1519.6185790000002,No Items,Cartridge,150cc,48 Tracks,1515.517235909091,4.101343090909268,0:25:19.618579
22/03/15 (08:007),Electrodrome,1678.6515570000001,No Items,Cartridge,150cc,48 Tracks,1675.2737667272727,3.3777902727274522,0:27:58.651557
22/03/15 (08:007),Mount Wario,1824.4383050000001,No Items,Cartridge,150cc,48 Tracks,1822.0335933636366,2.4047116363635723,0:30:24.438305
22/03/15 (08:007),Cloudtop Cruise,1986.5405640000001,No Items,Cartridge,150cc,48 Tracks,1983.9868766363638,2.5536873636363,0:33:06.540564
22/03/15 (08:007),Bone-Dry Dunes,2142.423157,No Items,Cartridge,150cc,48 Tracks,2139.8808835454547,2.542273454545466,0:35:42.423157
22/03/15 (08:007),Bowser's Castle,2305.551847,No Items,Cartridge,150cc,48 Tracks,2305.461451090909,0.09039590909105755,0:38:25.551847
22/03/15 (08:007),Rainbow Road,2469.34961,No Items,Cartridge,150cc,48 Tracks,2468.9291120909093,0.42049790909095464,0:41:09.349610
22/03/15 (08:007),Wii Moo Moo Meadows,2591.5849550000003,No Items,Cartridge,150cc,48 Tracks,2590.5414836363634,1.0434713636368542,0:43:11.584955
22/03/15 (08:007),GBA Mario Circuit,2716.1709600000004,No Items,Cartridge,150cc,48 Tracks,2715.158270545455,1.0126894545455798,0:45:16.170960
22/03/15 (08:007),DS Cheep Cheep Beach,2864.183057,No Items,Cartridge,150cc,48 Tracks,2862.3727943636363,1.8102626363638592,0:47:44.183057
22/03/15 (08:007),N64 Toad's Turnpike,3010.3942070000003,No Items,Cartridge,150cc,48 Tracks,3008.1406689090904,2.253538090909842,0:50:10.394207
22/03/15 (08:007),GCN Dry Dry Desert,3179.7165560000003,No Items,Cartridge,150cc,48 Tracks,3176.7865129090906,2.9300430909097486,0:52:59.716556
22/03/15 (08:007),SNES Donut Plains 3,3295.5961580000003,No Items,Cartridge,150cc,48 Tracks,3294.232458090909,1.3636999090913378,0:54:55.596158
22/03/15 (08:007),N64 Royal Raceway,3456.2938750000003,No Items,Cartridge,150cc,48 Tracks,3452.759434454546,3.534440545454345,0:57:36.293875
22/03/15 (08:007),3DS DK Jungle,3619.4200630000005,No Items,Cartridge,150cc,48 Tracks,3615.183546363636,4.236516636364286,1:00:19.420063
22/03/15 (08:007),DS Wario Stadium,3774.9858310000004,No Items,Cartridge,150cc,48 Tracks,3769.8401324545453,5.145698545455161,1:02:54.985831
22/03/15 (08:007),GCN Sherbet Land,3928.0846100000003,No Items,Cartridge,150cc,48 Tracks,3921.7439035454536,6.340706454546762,1:05:28.084610
22/03/15 (08:007),3DS Music Park,4089.056077,No Items,Cartridge,150cc,48 Tracks,4082.867787272727,6.188289727273059,1:08:09.056077
22/03/15 (08:007),N64 Yoshi Valley,4248.728456,No Items,Cartridge,150cc,48 Tracks,4242.233685,6.494770999999673,1:10:48.728456
22/03/15 (08:007),DS Tick-Tock Clock,4395.904192,No Items,Cartridge,150cc,48 Tracks,4389.909057818182,5.995134181817775,1:13:15.904192
22/03/15 (08:007),3DS Piranha Plant Slide,4561.594264,No Items,Cartridge,150cc,48 Tracks,4555.238300454545,6.35596354545487,1:16:01.594264
22/03/15 (08:007),Wii Grumble Volcano,4717.089341,No Items,Cartridge,150cc,48 Tracks,4713.270745272726,3.8185957272735322,1:18:37.089341
22/03/15 (08:007),N64 Rainbow Road,4831.465509,No Items,Cartridge,150cc,48 Tracks,4827.541779272728,3.9237297272720753,1:20:31.465509
22/03/15 (08:007),GCN Yoshi Circuit,4980.426326,No Items,Cartridge,150cc,48 Tracks,4978.2703914545455,2.155934545454329,1:23:00.426326
22/03/15 (08:007),Excitebike Arena,5123.156116,No Items,Cartridge,150cc,48 Tracks,5121.683268090909,1.4728479090908877,1:25:23.156116
22/03/15 (08:007),Dragon Driftway,5271.952265,No Items,Cartridge,150cc,48 Tracks,5269.148747363636,2.803517636363722,1:27:51.952265
22/03/15 (08:007),Mute City,5424.148803,No Items,Cartridge,150cc,48 Tracks,5422.911925454546,1.2368775454542629,1:30:24.148803
22/03/15 (08:007),Wii Wario's Gold Mine,5585.863469,No Items,Cartridge,150cc,48 Tracks,5584.845336818182,1.018132181818146,1:33:05.863469
22/03/15 (08:007),SNES Rainbow Road,5710.982153,No Items,Cartridge,150cc,48 Tracks,5712.767605909092,-1.7854529090918732,1:35:10.982153
22/03/15 (08:007),Ice Ice Outpost,5856.275489,No Items,Cartridge,150cc,48 Tracks,5862.805537545454,-6.53004854545452,1:37:36.275489
22/03/15 (08:007),Hyrule Circuit,6010.0075,No Items,Cartridge,150cc,48 Tracks,6016.850500818182,-6.84300081818219,1:40:10.007500
22/03/15 (08:007),GCN Baby Park,6108.248307999999,No Items,Cartridge,150cc,48 Tracks,6116.403908727272,-8.15560072727294,1:41:48.248308
22/03/15 (08:007),GBA Cheese Land,6259.435298999999,No Items,Cartridge,150cc,48 Tracks,6269.190148636363,-9.75484963636427,1:44:19.435299
22/03/15 (08:007),Wild Woods,6404.824058999999,No Items,Cartridge,150cc,48 Tracks,6415.457220181817,-10.63316118181865,1:46:44.824059
22/03/15 (08:007),Animal Crossing,6543.821270999999,No Items,Cartridge,150cc,48 Tracks,6558.302010181817,-14.480739181818535,1:49:03.821271
22/03/15 (08:007),3DS Neo Bowser City,6695.932779999999,No Items,Cartridge,150cc,48 Tracks,6711.43996209091,-15.507182090910646,1:51:35.932780
22/03/15 (08:007),GBA Ribbon Road,6848.798217,No Items,Cartridge,150cc,48 Tracks,6866.547908818181,-17.749691818181418,1:54:08.798217
22/03/15 (08:007),Super Bell Subway,6996.005639999999,No Items,Cartridge,150cc,48 Tracks,7015.497784818182,-19.49214481818217,1:56:36.005640
22/03/15 (08:007),Big Blue,7118.140589999999,No Items,Cartridge,150cc,48 Tracks,7137.673903818181,-19.53331381818225,1:58:38.140590
22/04/05 (08:008),Start,0.0,No Items,Cartridge,150cc,48 Tracks,0.0,0.0,0:00:00
22/04/05 (08:008),Mario Kart Stadium,131.504708,No Items,Cartridge,150cc,48 Tracks,131.49630545454545,0.008402545454543997,0:02:11.504708
22/04/05 (08:008),Water Park,267.060774,No Items,Cartridge,150cc,48 Tracks,268.4782489090909,-1.4174749090909131,0:04:27.060774
22/04/05 (08:008),Sweet Sweet Canyon,414.352562,No Items,Cartridge,150cc,48 Tracks,416.73624336363645,-2.3836813636364695,0:06:54.352562
22/04/05 (08:008),Thwomp Ruins,565.2062109999999,No Items,Cartridge,150cc,48 Tracks,568.4972812727273,-3.2910702727273247,0:09:25.206211
22/04/05 (08:008),Mario Circuit,710.017568,No Items,Cartridge,150cc,48 Tracks,713.936289909091,-3.918721909091005,0:11:50.017568
22/04/05 (08:008),Toad Harbor,875.1969799999999,No Items,Cartridge,150cc,48 Tracks,880.4593404545453,-5.262360454545387,0:14:35.196980
22/04/05 (08:008),Twisted Mansion,1029.780797,No Items,Cartridge,150cc,48 Tracks,1036.0761048181819,-6.295307818181982,0:17:09.780797
22/04/05 (08:008),Shy Guy Falls,1190.843292,No Items,Cartridge,150cc,48 Tracks,1198.3508009090908,-7.507508909090802,0:19:50.843292
22/04/05 (08:008),Sunshine Airport,1349.474753,No Items,Cartridge,150cc,48 Tracks,1358.3072304545456,-8.832477454545597,0:22:29.474753
22/04/05 (08:008),Dolphin Shoals,1505.922059,No Items,Cartridge,150cc,48 Tracks,1515.517235909091,-9.595176909090924,0:25:05.922059
22/04/05 (08:008),Electrodrome,1664.876616,No Items,Cartridge,150cc,48 Tracks,1675.2737667272727,-10.397150727272674,0:27:44.876616
22/04/05 (08:008),Mount Wario,1811.408004,No Items,Cartridge,150cc,48 Tracks,1822.0335933636366,-10.625589363636664,0:30:11.408004
22/04/05 (08:008),Cloudtop Cruise,1971.8761459999998,No Items,Cartridge,150cc,48 Tracks,1983.9868766363638,-12.110730636363996,0:32:51.876146
22/04/05 (08:008),Bone-Dry Dunes,2126.143565,No Items,Cartridge,150cc,48 Tracks,2139.8808835454547,-13.737318545454855,0:35:26.143565
22/04/05 (08:008),Bowser's Castle,2289.118079,No Items,Cartridge,150cc,48 Tracks,2305.461451090909,-16.34337209090927,0:38:09.118079
22/04/05 (08:008),Rainbow Road,2450.7589989999997,No Items,Cartridge,150cc,48 Tracks,2468.9291120909093,-18.17011309090958,0:40:50.758999
22/04/05 (08:008),Wii Moo Moo Meadows,2571.3581809999996,No Items,Cartridge,150cc,48 Tracks,2590.5414836363634,-19.183302636363806,0:42:51.358181
22/04/05 (08:008),GBA Mario Circuit,2694.6869709999996,No Items,Cartridge,150cc,48 Tracks,2715.158270545455,-20.471299545455167,0:44:54.686971
22/04/05 (08:008),DS Cheep Cheep Beach,2842.3174739999995,No Items,Cartridge,150cc,48 Tracks,2862.3727943636363,-20.055320363636838,0:47:22.317474
22/04/05 (08:008),N64 Toad's Turnpike,2988.3605999999995,No Items,Cartridge,150cc,48 Tracks,3008.1406689090904,-19.780068909090915,0:49:48.360600
22/04/05 (08:008),GCN Dry Dry Desert,3151.5740999999994,No Items,Cartridge,150cc,48 Tracks,3176.7865129090906,-25.2124129090912,0:52:31.574100
22/04/05 (08:008),SNES Donut Plains 3,3267.850706999999,No Items,Cartridge,150cc,48 Tracks,3294.232458090909,-26.381751090909802,0:54:27.850707
22/04/05 (08:008),N64 Royal Raceway,3427.8135699999993,No Items,Cartridge,150cc,48 Tracks,3452.759434454546,-24.94586445454661,0:57:07.813570
22/04/05 (08:008),3DS DK Jungle,3590.7455169999994,No Items,Cartridge,150cc,48 Tracks,3615.183546363636,-24.438029363636815,0:59:50.745517
22/04/05 (08:008),DS Wario Stadium,3745.6938719999994,No Items,Cartridge,150cc,48 Tracks,3769.8401324545453,-24.14626045454588,1:02:25.693872
22/04/05 (08:008),GCN Sherbet Land,3896.9340739999993,No Items,Cartridge,150cc,48 Tracks,3921.7439035454536,-24.80982954545425,1:04:56.934074
22/04/05 (08:008),3DS Music Park,4058.379264999999,No Items,Cartridge,150cc,48 Tracks,4082.867787272727,-24.488522272728005,1:07:38.379265
22/04/05 (08:008),N64 Yoshi Valley,4218.424603999999,No Items,Cartridge,150cc,48 Tracks,4242.233685,-23.809081000001243,1:10:18.424604
22/04/05 (08:008),DS Tick-Tock Clock,4366.217142999999,No Items,Cartridge,150cc,48 Tracks,4389.909057818182,-23.69191481818325,1:12:46.217143
22/04/05 (08:008),3DS Piranha Plant Slide,4532.016712999999,No Items,Cartridge,150cc,48 Tracks,4555.238300454545,-23.221587454546352,1:15:32.016713
22/04/05 (08:008),Wii Grumble Volcano,4687.388212999999,No Items,Cartridge,150cc,48 Tracks,4713.270745272726,-25.882532272727076,1:18:07.388213
22/04/05 (08:008),N64 Rainbow Road,4801.809101999999,No Items,Cartridge,150cc,48 Tracks,4827.541779272728,-25.732677272728324,1:20:01.809102
22/04/05 (08:008),GCN Yoshi Circuit,4950.702992999999,No Items,Cartridge,150cc,48 Tracks,4978.2703914545455,-27.567398454546492,1:22:30.702993
22/04/05 (08:008),Excitebike Arena,5092.697506999999,No Items,Cartridge,150cc,48 Tracks,5121.683268090909,-28.985761090910273,1:24:52.697507
22/04/05 (08:008),Dragon Driftway,5238.343797999999,No Items,Cartridge,150cc,48 Tracks,5269.148747363636,-30.804949363637206,1:27:18.343798
22/04/05 (08:008),Mute City,5392.145295999999,No Items,Cartridge,150cc,48 Tracks,5422.911925454546,-30.766629454547,1:29:52.145296
22/04/05 (08:008),Wii Wario's Gold Mine,5554.3604479999985,No Items,Cartridge,150cc,48 Tracks,5584.845336818182,-30.484888818183208,1:32:34.360448
22/04/05 (08:008),SNES Rainbow Road,5680.024122999998,No Items,Cartridge,150cc,48 Tracks,5712.767605909092,-32.74348290909347,1:34:40.024123
22/04/05 (08:008),Ice Ice Outpost,5835.194995999998,No Items,Cartridge,150cc,48 Tracks,5862.805537545454,-27.610541545455817,1:37:15.194996
22/04/05 (08:008),Hyrule Circuit,5987.6842339999985,No Items,Cartridge,150cc,48 Tracks,6016.850500818182,-29.16626681818343,1:39:47.684234
22/04/05 (08:008),GCN Baby Park,6087.1024149999985,No Items,Cartridge,150cc,48 Tracks,6116.403908727272,-29.301493727273737,1:41:27.102415
22/04/05 (08:008),GBA Cheese Land,6240.133786999999,No Items,Cartridge,150cc,48 Tracks,6269.190148636363,-29.056361636364272,1:44:00.133787
22/04/05 (08:008),Wild Woods,6386.287580999999,No Items,Cartridge,150cc,48 Tracks,6415.457220181817,-29.16963918181864,1:46:26.287581
22/04/05 (08:008),Animal Crossing,6527.513657999999,No Items,Cartridge,150cc,48 Tracks,6558.302010181817,-30.78835218181848,1:48:47.513658
22/04/05 (08:008),3DS Neo Bowser City,6683.521770999999,No Items,Cartridge,150cc,48 Tracks,6711.43996209091,-27.918191090911023,1:51:23.521771
22/04/05 (08:008),GBA Ribbon Road,6847.529217999999,No Items,Cartridge,150cc,48 Tracks,6866.547908818181,-19.018690818182222,1:54:07.529218
22/04/05 (08:008),Super Bell Subway,6997.348195999999,No Items,Cartridge,150cc,48 Tracks,7015.497784818182,-18.149588818182565,1:56:37.348196
22/04/05 (08:008),Big Blue,7120.372214999999,No Items,Cartridge,150cc,48 Tracks,7137.673903818181,-17.3016888181819,1:58:40.372215
22/04/23 (08:011),Start,0.0,No Items,Cartridge,150cc,48 Tracks,0.0,0.0,0:00:00
22/04/23 (08:011),Mario Kart Stadium,129.554563,No Items,Cartridge,150cc,48 Tracks,131.49630545454545,-1.941742454545448,0:02:09.554563
22/04/23 (08:011),Water Park,265.316916,No Items,Cartridge,150cc,48 Tracks,268.4782489090909,-3.161332909090902,0:04:25.316916
22/04/23 (08:011),Sweet Sweet Canyon,412.306222,No Items,Cartridge,150cc,48 Tracks,416.73624336363645,-4.430021363636456,0:06:52.306222
22/04/23 (08:011),Thwomp Ruins,561.734253,No Items,Cartridge,150cc,48 Tracks,568.4972812727273,-6.763028272727297,0:09:21.734253
22/04/23 (08:011),Mario Circuit,704.210423,No Items,Cartridge,150cc,48 Tracks,713.936289909091,-9.725866909090996,0:11:44.210423
22/04/23 (08:011),Toad Harbor,869.778471,No Items,Cartridge,150cc,48 Tracks,880.4593404545453,-10.680869454545359,0:14:29.778471
22/04/23 (08:011),Twisted Mansion,1022.708401,No Items,Cartridge,150cc,48 Tracks,1036.0761048181819,-13.367703818181894,0:17:02.708401
22/04/23 (08:011),Shy Guy Falls,1183.273453,No Items,Cartridge,150cc,48 Tracks,1198.3508009090908,-15.077347909090804,0:19:43.273453
22/04/23 (08:011),Sunshine Airport,1343.958632,No Items,Cartridge,150cc,48 Tracks,1358.3072304545456,-14.348598454545481,0:22:23.958632
22/04/23 (08:011),Dolphin Shoals,1498.090265,No Items,Cartridge,150cc,48 Tracks,1515.517235909091,-17.42697090909087,0:24:58.090265
22/04/23 (08:011),Electrodrome,1655.479561,No Items,Cartridge,150cc,48 Tracks,1675.2737667272727,-19.794205727272583,0:27:35.479561
22/04/23 (08:011),Mount Wario,1799.999062,No Items,Cartridge,150cc,48 Tracks,1822.0335933636366,-22.03453136363646,0:29:59.999062
22/04/23 (08:011),Cloudtop Cruise,1958.6387060000002,No Items,Cartridge,150cc,48 Tracks,1983.9868766363638,-25.348170636363648,0:32:38.638706
22/04/23 (08:011),Bone-Dry Dunes,2113.9333800000004,No Items,Cartridge,150cc,48 Tracks,2139.8808835454547,-25.94750354545431,0:35:13.933380
22/04/23 (08:011),Bowser's Castle,2276.4075130000006,No Items,Cartridge,150cc,48 Tracks,2305.461451090909,-29.05393809090856,0:37:56.407513
22/04/23 (08:011),Rainbow Road,2435.7569790000007,No Items,Cartridge,150cc,48 Tracks,2468.9291120909093,-33.172133090908574,0:40:35.756979
22/04/23 (08:011),Wii Moo Moo Meadows,2555.590017000001,No Items,Cartridge,150cc,48 Tracks,2590.5414836363634,-34.95146663636251,0:42:35.590017
22/04/23 (08:011),GBA Mario Circuit,2680.675456000001,No Items,Cartridge,150cc,48 Tracks,2715.158270545455,-34.48281454545395,0:44:40.675456
22/04/23 (08:011),DS Cheep Cheep Beach,2825.168243000001,No Items,Cartridge,150cc,48 Tracks,2862.3727943636363,-37.204551363635346,0:47:05.168243
22/04/23 (08:011),N64 Toad's Turnpike,2967.925223000001,No Items,Cartridge,150cc,48 Tracks,3008.1406689090904,-40.21544590908934,0:49:27.925223
22/04/23 (08:011),GCN Dry Dry Desert,3131.504163000001,No Items,Cartridge,150cc,48 Tracks,3176.7865129090906,-45.28234990908959,0:52:11.504163
22/04/23 (08:011),SNES Donut Plains 3,3249.896502000001,No Items,Cartridge,150cc,48 Tracks,3294.232458090909,-44.335956090907985,0:54:09.896502
22/04/23 (08:011),N64 Royal Raceway,3404.638875000001,No Items,Cartridge,150cc,48 Tracks,3452.759434454546,-48.120559454544946,0:56:44.638875
22/04/23 (08:011),3DS DK Jungle,3565.212885000001,No Items,Cartridge,150cc,48 Tracks,3615.183546363636,-49.97066136363537,0:59:25.212885
22/04/23 (08:011),DS Wario Stadium,3717.045137000001,No Items,Cartridge,150cc,48 Tracks,3769.8401324545453,-52.79499545454428,1:01:57.045137
22/04/23 (08:011),GCN Sherbet Land,3867.163681000001,No Items,Cartridge,150cc,48 Tracks,3921.7439035454536,-54.58022254545267,1:04:27.163681
22/04/23 (08:011),3DS Music Park,4025.287166000001,No Items,Cartridge,150cc,48 Tracks,4082.867787272727,-57.58062127272615,1:07:05.287166
22/04/23 (08:011),N64 Yoshi Valley,4183.121843000001,No Items,Cartridge,150cc,48 Tracks,4242.233685,-59.11184199999934,1:09:43.121843
22/04/23 (08:011),DS Tick-Tock Clock,4327.931252000001,No Items,Cartridge,150cc,48 Tracks,4389.909057818182,-61.97780581818097,1:12:07.931252
22/04/23 (08:011),3DS Piranha Plant Slide,4491.629871000001,No Items,Cartridge,150cc,48 Tracks,4555.238300454545,-63.60842945454442,1:14:51.629871
22/04/23 (08:011),Wii Grumble Volcano,4650.169621000001,No Items,Cartridge,150cc,48 Tracks,4713.270745272726,-63.10112427272543,1:17:30.169621
22/04/23 (08:011),N64 Rainbow Road,4762.9498060000005,No Items,Cartridge,150cc,48 Tracks,4827.541779272728,-64.59197327272705,1:19:22.949806
22/04/23 (08:011),GCN Yoshi Circuit,4908.572707,No Items,Cartridge,150cc,48 Tracks,4978.2703914545455,-69.6976844545452,1:21:48.572707
22/04/23 (08:011),Excitebike Arena,5048.79049,No Items,Cartridge,150cc,48 Tracks,5121.683268090909,-72.8927780909089,1:24:08.790490
22/04/23 (08:011),Dragon Driftway,5194.398919,No Items,Cartridge,150cc,48 Tracks,5269.148747363636,-74.74982836363597,1:26:34.398919
22/04/23 (08:011),Mute City,5348.245907,No Items,Cartridge,150cc,48 Tracks,5422.911925454546,-74.66601845454534,1:29:08.245907
22/04/23 (08:011),Wii Wario's Gold Mine,5507.905533,No Items,Cartridge,150cc,48 Tracks,5584.845336818182,-76.93980381818164,1:31:47.905533
22/04/23 (08:011),SNES Rainbow Road,5631.896265,No Items,Cartridge,150cc,48 Tracks,5712.767605909092,-80.87134090909149,1:33:51.896265
22/04/23 (08:011),Ice Ice Outpost,5775.1585000000005,No Items,Cartridge,150cc,48 Tracks,5862.805537545454,-87.64703754545371,1:36:15.158500
22/04/23 (08:011),Hyrule Circuit,5926.686828000001,No Items,Cartridge,150cc,48 Tracks,6016.850500818182,-90.16367281818111,1:38:46.686828
22/04/23 (08:011),GCN Baby Park,6024.620311000001,No Items,Cartridge,150cc,48 Tracks,6116.403908727272,-91.78359772727163,1:40:24.620311
22/04/23 (08:011),GBA Cheese Land,6176.483733000001,No Items,Cartridge,150cc,48 Tracks,6269.190148636363,-92.70641563636218,1:42:56.483733
22/04/23 (08:011),Wild Woods,6320.251594000001,No Items,Cartridge,150cc,48 Tracks,6415.457220181817,-95.20562618181611,1:45:20.251594
22/04/23 (08:011),Animal Crossing,6456.387279000001,No Items,Cartridge,150cc,48 Tracks,6558.302010181817,-101.91473118181602,1:47:36.387279
22/04/23 (08:011),3DS Neo Bowser City,6605.373018000001,No Items,Cartridge,150cc,48 Tracks,6711.43996209091,-106.06694409090869,1:50:05.373018
22/04/23 (08:011),GBA Ribbon Road,6758.309703000001,No Items,Cartridge,150cc,48 Tracks,6866.547908818181,-108.23820581818018,1:52:38.309703
22/04/23 (08:011),Super Bell Subway,6903.023906,No Items,Cartridge,150cc,48 Tracks,7015.497784818182,-112.47387881818122,1:55:03.023906
22/04/23 (08:011),Big Blue,7023.782811,No Items,Cartridge,150cc,48 Tracks,7137.673903818181,-113.89109281818128,1:57:03.782811
22/06/06 (08:015),Start,0.0,No Items,Cartridge,150cc,48 Tracks,0.0,0.0,0:00:00
22/06/06 (08:015),Mario Kart Stadium,129.40581,No Items,Cartridge,150cc,48 Tracks,131.49630545454545,-2.0904954545454473,0:02:09.405810
22/06/06 (08:015),Water Park,262.569678,No Items,Cartridge,150cc,48 Tracks,268.4782489090909,-5.908570909090884,0:04:22.569678
22/06/06 (08:015),Sweet Sweet Canyon,408.144675,No Items,Cartridge,150cc,48 Tracks,416.73624336363645,-8.59156836363644,0:06:48.144675
22/06/06 (08:015),Thwomp Ruins,555.993194,No Items,Cartridge,150cc,48 Tracks,568.4972812727273,-12.504087272727247,0:09:15.993194
22/06/06 (08:015),Mario Circuit,699.210538,No Items,Cartridge,150cc,48 Tracks,713.936289909091,-14.725751909090945,0:11:39.210538
22/06/06 (08:015),Toad Harbor,861.592378,No Items,Cartridge,150cc,48 Tracks,880.4593404545453,-18.866962454545273,0:14:21.592378
22/06/06 (08:015),Twisted Mansion,1014.602779,No Items,Cartridge,150cc,48 Tracks,1036.0761048181819,-21.47332581818182,0:16:54.602779
22/06/06 (08:015),Shy Guy Falls,1174.6497080000001,No Items,Cartridge,150cc,48 Tracks,1198.3508009090908,-23.701092909090676,0:19:34.649708
22/06/06 (08:015),Sunshine Airport,1330.903107,No Items,Cartridge,150cc,48 Tracks,1358.3072304545456,-27.40412345454547,0:22:10.903107
22/06/06 (08:015),Dolphin Shoals,1485.5785030000002,No Items,Cartridge,150cc,48 Tracks,1515.517235909091,-29.93873290909073,0:24:45.578503
22/06/06 (08:015),Electrodrome,1643.9295650000001,No Items,Cartridge,150cc,48 Tracks,1675.2737667272727,-31.344201727272548,0:27:23.929565
22/06/06 (08:015),Mount Wario,1788.0285450000001,No Items,Cartridge,150cc,48 Tracks,1822.0335933636366,-34.00504836363643,0:29:48.028545
22/06/06 (08:015),Cloudtop Cruise,1950.087205,No Items,Cartridge,150cc,48 Tracks,1983.9868766363638,-33.89967163636379,0:32:30.087205
22/06/06 (08:015),Bone-Dry Dunes,2104.116225,No Items,Cartridge,150cc,48 Tracks,2139.8808835454547,-35.764658545454495,0:35:04.116225
22/06/06 (08:015),Bowser's Castle,2271.3752860000004,No Items,Cartridge,150cc,48 Tracks,2305.461451090909,-34.08616509090871,0:37:51.375286
22/06/06 (08:015),Rainbow Road,2430.479564,No Items,Cartridge,150cc,48 Tracks,2468.9291120909093,-38.44954809090905,0:40:30.479564
22/06/06 (08:015),Wii Moo Moo Meadows,2550.127867,No Items,Cartridge,150cc,48 Tracks,2590.5414836363634,-40.41361663636326,0:42:30.127867
22/06/06 (08:015),GBA Mario Circuit,2671.7636460000003,No Items,Cartridge,150cc,48 Tracks,2715.158270545455,-43.39462454545446,0:44:31.763646
22/06/06 (08:015),DS Cheep Cheep Beach,2816.5146590000004,No Items,Cartridge,150cc,48 Tracks,2862.3727943636363,-45.85813536363594,0:46:56.514659
22/06/06 (08:015),N64 Toad's Turnpike,2961.3815850000005,No Items,Cartridge,150cc,48 Tracks,3008.1406689090904,-46.759083909089895,0:49:21.381585
22/06/06 (08:015),GCN Dry Dry Desert,3122.9768000000004,No Items,Cartridge,150cc,48 Tracks,3176.7865129090906,-53.809712909090194,0:52:02.976800
22/06/06 (08:015),SNES Donut Plains 3,3239.0355870000003,No Items,Cartridge,150cc,48 Tracks,3294.232458090909,-55.196871090908644,0:53:59.035587
22/06/06 (08:015),N64 Royal Raceway,3394.4387260000003,No Items,Cartridge,150cc,48 Tracks,3452.759434454546,-58.32070845454564,0:56:34.438726
22/06/06 (08:015),3DS DK Jungle,3554.558484,No Items,Cartridge,150cc,48 Tracks,3615.183546363636,-60.62506236363606,0:59:14.558484
22/06/06 (08:015),DS Wario Stadium,3707.8981940000003,No Items,Cartridge,150cc,48 Tracks,3769.8401324545453,-61.941938454544925,1:01:47.898194
22/06/06 (08:015),GCN Sherbet Land,3856.701014,No Items,Cartridge,150cc,48 Tracks,3921.7439035454536,-65.04288954545336,1:04:16.701014
22/06/06 (08:015),3DS Music Park,4017.849423,No Items,Cartridge,150cc,48 Tracks,4082.867787272727,-65.01836427272701,1:06:57.849423
22/06/06 (08:015),N64 Yoshi Valley,4175.327584000001,No Items,Cartridge,150cc,48 Tracks,4242.233685,-66.90610099999958,1:09:35.327584
22/06/06 (08:015),DS Tick-Tock Clock,4318.393899000001,No Items,Cartridge,150cc,48 Tracks,4389.909057818182,-71.51515881818159,1:11:58.393899
22/06/06 (08:015),3DS Piranha Plant Slide,4479.445174,No Items,Cartridge,150cc,48 Tracks,4555.238300454545,-75.79312645454502,1:14:39.445174
22/06/06 (08:015),Wii Grumble Volcano,4634.5374600000005,No Items,Cartridge,150cc,48 Tracks,4713.270745272726,-78.73328527272588,1:17:14.537460
22/06/06 (08:015),N64 Rainbow Road,4746.835925,No Items,Cartridge,150cc,48 Tracks,4827.541779272728,-80.70585427272727,1:19:06.835925
22/06/06 (08:015),GCN Yoshi Circuit,4893.744711,No Items,Cartridge,150cc,48 Tracks,4978.2703914545455,-84.52568045454518,1:21:33.744711
22/06/06 (08:015),Excitebike Arena,5036.950135,No Items,Cartridge,150cc,48 Tracks,5121.683268090909,-84.73313309090918,1:23:56.950135
22/06/06 (08:015),Dragon Driftway,5183.537689,No Items,Cartridge,150cc,48 Tracks,5269.148747363636,-85.6110583636364,1:26:23.537689
22/06/06 (08:015),Mute City,5336.6330259999995,No Items,Cartridge,150cc,48 Tracks,5422.911925454546,-86.27889945454626,1:28:56.633026
22/06/06 (08:015),Wii Wario's Gold Mine,5496.037918999999,No Items,Cartridge,150cc,48 Tracks,5584.845336818182,-88.80741781818233,1:31:36.037919
22/06/06 (08:015),SNES Rainbow Road,5623.454747,No Items,Cartridge,150cc,48 Tracks,5712.767605909092,-89.31285890909203,1:33:43.454747
22/06/06 (08:015),Ice Ice Outpost,5770.9100229999995,No Items,Cartridge,150cc,48 Tracks,5862.805537545454,-91.89551454545472,1:36:10.910023
22/06/06 (08:015),Hyrule Circuit,5924.082796999999,No Items,Cartridge,150cc,48 Tracks,6016.850500818182,-92.76770381818278,1:38:44.082797
22/06/06 (08:015),GCN Baby Park,6022.239893999999,No Items,Cartridge,150cc,48 Tracks,6116.403908727272,-94.16401472727284,1:40:22.239894
22/06/06 (08:015),GBA Cheese Land,6169.922474999999,No Items,Cartridge,150cc,48 Tracks,6269.190148636363,-99.26767363636372,1:42:49.922475
22/06/06 (08:015),Wild Woods,6312.830148999999,No Items,Cartridge,150cc,48 Tracks,6415.457220181817,-102.62707118181788,1:45:12.830149
22/06/06 (08:015),Animal Crossing,6449.9923929999995,No Items,Cartridge,150cc,48 Tracks,6558.302010181817,-108.30961718181788,1:47:29.992393
22/06/06 (08:015),3DS Neo Bowser City,6598.753811,No Items,Cartridge,150cc,48 Tracks,6711.43996209091,-112.68615109091024,1:49:58.753811
22/06/06 (08:015),GBA Ribbon Road,6749.70378,No Items,Cartridge,150cc,48 Tracks,6866.547908818181,-116.84412881818116,1:52:29.703780
22/06/06 (08:015),Super Bell Subway,6895.427557999999,No Items,Cartridge,150cc,48 Tracks,7015.497784818182,-120.07022681818216,1:54:55.427558
22/06/06 (08:015),Big Blue,7015.5697119999995,No Items,Cartridge,150cc,48 Tracks,7137.673903818181,-122.10419181818179,1:56:55.569712
22/07/04 (08:019),Start,0.0,No Items,Cartridge,150cc,48 Tracks,0.0,0.0,0:00:00
22/07/04 (08:019),Mario Kart Stadium,128.862327,No Items,Cartridge,150cc,48 Tracks,131.49630545454545,-2.6339784545454563,0:02:08.862327
22/07/04 (08:019),Water Park,261.433696,No Items,Cartridge,150cc,48 Tracks,268.4782489090909,-7.044552909090896,0:04:21.433696
22/07/04 (08:019),Sweet Sweet Canyon,406.911707,No Items,Cartridge,150cc,48 Tracks,416.73624336363645,-9.824536363636469,0:06:46.911707
22/07/04 (08:019),Thwomp Ruins,555.206958,No Items,Cartridge,150cc,48 Tracks,568.4972812727273,-13.290323272727278,0:09:15.206958
22/07/04 (08:019),Mario Circuit,696.994109,No Items,Cartridge,150cc,48 Tracks,713.936289909091,-16.942180909091007,0:11:36.994109
22/07/04 (08:019),Toad Harbor,859.116502,No Items,Cartridge,150cc,48 Tracks,880.4593404545453,-21.342838454545358,0:14:19.116502
22/07/04 (08:019),Twisted Mansion,1012.213342,No Items,Cartridge,150cc,48 Tracks,1036.0761048181819,-23.862762818181864,0:16:52.213342
22/07/04 (08:019),Shy Guy Falls,1171.803176,No Items,Cartridge,150cc,48 Tracks,1198.3508009090908,-26.547624909090928,0:19:31.803176
22/07/04 (08:019),Sunshine Airport,1328.0083379999999,No Items,Cartridge,150cc,48 Tracks,1358.3072304545456,-30.298892454545694,0:22:08.008338
22/07/04 (08:019),Dolphin Shoals,1481.984172,No Items,Cartridge,150cc,48 Tracks,1515.517235909091,-33.53306390909097,0:24:41.984172
22/07/04 (08:019),Electrodrome,1638.4083369999998,No Items,Cartridge,150cc,48 Tracks,1675.2737667272727,-36.86542972727284,0:27:18.408337
22/07/04 (08:019),Mount Wario,1784.7994449999999,No Items,Cartridge,150cc,48 Tracks,1822.0335933636366,-37.23414836363668,0:29:44.799445
22/07/04 (08:019),Cloudtop Cruise,1942.234894,No Items,Cartridge,150cc,48 Tracks,1983.9868766363638,-41.75198263636389,0:32:22.234894
22/07/04 (08:019),Bone-Dry Dunes,2093.7292669999997,No Items,Cartridge,150cc,48 Tracks,2139.8808835454547,-46.151616545455,0:34:53.729267
22/07/04 (08:019),Bowser's Castle,2259.996515,No Items,Cartridge,150cc,48 Tracks,2305.461451090909,-45.464936090909305,0:37:39.996515
22/07/04 (08:019),Rainbow Road,2420.76052,No Items,Cartridge,150cc,48 Tracks,2468.9291120909093,-48.16859209090944,0:40:20.760520
22/07/04 (08:019),Wii Moo Moo Meadows,2540.0647839999997,No Items,Cartridge,150cc,48 Tracks,2590.5414836363634,-50.47669963636372,0:42:20.064784
22/07/04 (08:019),GBA Mario Circuit,2662.8697639999996,No Items,Cartridge,150cc,48 Tracks,2715.158270545455,-52.28850654545522,0:44:22.869764
22/07/04 (08:019),DS Cheep Cheep Beach,2809.0582799999997,No Items,Cartridge,150cc,48 Tracks,2862.3727943636363,-53.31451436363659,0:46:49.058280
22/07/04 (08:019),N64 Toad's Turnpike,2949.8642419999996,No Items,Cartridge,150cc,48 Tracks,3008.1406689090904,-58.27642690909079,0:49:09.864242
22/07/04 (08:019),GCN Dry Dry Desert,3112.4664419999995,No Items,Cartridge,150cc,48 Tracks,3176.7865129090906,-64.3200709090911,0:51:52.466442
22/07/04 (08:019),SNES Donut Plains 3,3227.5979099999995,No Items,Cartridge,150cc,48 Tracks,3294.232458090909,-66.63454809090945,0:53:47.597910
22/07/04 (08:019),N64 Royal Raceway,3383.5244569999995,No Items,Cartridge,150cc,48 Tracks,3452.759434454546,-69.23497745454642,0:56:23.524457
22/07/04 (08:019),3DS DK Jungle,3544.3482349999995,No Items,Cartridge,150cc,48 Tracks,3615.183546363636,-70.83531136363672,0:59:04.348235
22/07/04 (08:019),DS Wario Stadium,3697.2384699999993,No Items,Cartridge,150cc,48 Tracks,3769.8401324545453,-72.60166245454593,1:01:37.238470
22/07/04 (08:019),GCN Sherbet Land,3844.4659729999994,No Items,Cartridge,150cc,48 Tracks,3921.7439035454536,-77.27793054545418,1:04:04.465973
22/07/04 (08:019),3DS Music Park,4002.1360169999994,No Items,Cartridge,150cc,48 Tracks,4082.867787272727,-80.73177027272777,1:06:42.136017
22/07/04 (08:019),N64 Yoshi Valley,4159.711445999999,No Items,Cartridge,150cc,48 Tracks,4242.233685,-82.52223900000081,1:09:19.711446
22/07/04 (08:019),DS Tick-Tock Clock,4303.608886999999,No Items,Cartridge,150cc,48 Tracks,4389.909057818182,-86.30017081818278,1:11:43.608887
22/07/04 (08:019),3DS Piranha Plant Slide,4464.897892999999,No Items,Cartridge,150cc,48 Tracks,4555.238300454545,-90.34040745454604,1:14:24.897893
22/07/04 (08:019),Wii Grumble Volcano,4618.92394,No Items,Cartridge,150cc,48 Tracks,4713.270745272726,-94.34680527272667,1:16:58.923940
22/07/04 (08:019),N64 Rainbow Road,4732.129349,No Items,Cartridge,150cc,48 Tracks,4827.541779272728,-95.41243027272776,1:18:52.129349
22/07/04 (08:019),GCN Yoshi Circuit,4878.980705,No Items,Cartridge,150cc,48 Tracks,4978.2703914545455,-99.28968645454552,1:21:18.980705
22/07/04 (08:019),Excitebike Arena,5020.964091,No Items,Cartridge,150cc,48 Tracks,5121.683268090909,-100.7191770909094,1:23:40.964091
22/07/04 (08:019),Dragon Driftway,5162.863429,No Items,Cartridge,150cc,48 Tracks,5269.148747363636,-106.28531836363618,1:26:02.863429
22/07/04 (08:019),Mute City,5317.176443,No Items,Cartridge,150cc,48 Tracks,5422.911925454546,-105.73548245454549,1:28:37.176443
22/07/04 (08:019),Wii Wario's Gold Mine,5474.900362,No Items,Cartridge,150cc,48 Tracks,5584.845336818182,-109.94497481818144,1:31:14.900362
22/07/04 (08:019),SNES Rainbow Road,5596.572263,No Items,Cartridge,150cc,48 Tracks,5712.767605909092,-116.19534290909178,1:33:16.572263
22/07/04 (08:019),Ice Ice Outpost,5737.781355,No Items,Cartridge,150cc,48 Tracks,5862.805537545454,-125.0241825454541,1:35:37.781355
22/07/04 (08:019),Hyrule Circuit,5886.829167,No Items,Cartridge,150cc,48 Tracks,6016.850500818182,-130.02133381818203,1:38:06.829167
22/07/04 (08:019),GCN Baby Park,5985.404332,No Items,Cartridge,150cc,48 Tracks,6116.403908727272,-130.99957672727214,1:39:45.404332
22/07/04 (08:019),GBA Cheese Land,6133.088028,No Items,Cartridge,150cc,48 Tracks,6269.190148636363,-136.102120636363,1:42:13.088028
22/07/04 (08:019),Wild Woods,6276.219675,No Items,Cartridge,150cc,48 Tracks,6415.457220181817,-139.23754518181704,1:44:36.219675
22/07/04 (08:019),Animal Crossing,6421.005256,No Items,Cartridge,150cc,48 Tracks,6558.302010181817,-137.29675418181705,1:47:01.005256
22/07/04 (08:019),3DS Neo Bowser City,6568.447683,No Items,Cartridge,150cc,48 Tracks,6711.43996209091,-142.9922790909095,1:49:28.447683
22/07/04 (08:019),GBA Ribbon Road,6724.885295,No Items,Cartridge,150cc,48 Tracks,6866.547908818181,-141.66261381818094,1:52:04.885295
22/07/04 (08:019),Super Bell Subway,6868.753463,No Items,Cartridge,150cc,48 Tracks,7015.497784818182,-146.74432181818156,1:54:28.753463
22/07/04 (08:019),Big Blue,6989.177314,No Items,Cartridge,150cc,48 Tracks,7137.673903818181,-148.49658981818175,1:56:29.177314
