ID,Track,Time,Version,Items,Speed,Category,Center amax,Center offset,Split
22/02/20 (08:001),Start,0.0,No Items,Cartridge,150cc,48 Tracks,0.0,0.0,0:00:00
22/02/20 (08:001),Mario Kart Stadium,135.951707,No Items,Cartridge,150cc,48 Tracks,135.951707,0.0,0:02:15.951707
22/02/20 (08:001),Water Park,275.3152,No Items,Cartridge,150cc,48 Tracks,275.3152,0.0,0:04:35.315200
22/02/20 (08:001),Sweet Sweet Canyon,429.08917099999996,No Items,Cartridge,150cc,48 Tracks,429.08917099999996,0.0,0:07:09.089171
22/02/20 (08:001),Thwomp Ruins,587.876125,No Items,Cartridge,150cc,48 Tracks,587.876125,0.0,0:09:47.876125
22/02/20 (08:001),Mario Circuit,735.763411,No Items,Cartridge,150cc,48 Tracks,735.763411,0.0,0:12:15.763411
22/02/20 (08:001),Toad Harbor,903.381832,No Items,Cartridge,150cc,48 Tracks,903.381832,0.0,0:15:03.381832
22/02/20 (08:001),Twisted Mansion,1061.574384,No Items,Cartridge,150cc,48 Tracks,1061.574384,0.0,0:17:41.574384
22/02/20 (08:001),Shy Guy Falls,1226.486701,No Items,Cartridge,150cc,48 Tracks,1226.486701,0.0,0:20:26.486701
22/02/20 (08:001),Sunshine Airport,1387.858764,No Items,Cartridge,150cc,48 Tracks,1387.858764,0.0,0:23:07.858764
22/02/20 (08:001),Dolphin Shoals,1550.37859,No Items,Cartridge,150cc,48 Tracks,1550.37859,0.0,0:25:50.378590
22/02/20 (08:001),Electrodrome,1713.404823,No Items,Cartridge,150cc,48 Tracks,1713.404823,0.0,0:28:33.404823
22/02/20 (08:001),Mount Wario,1862.679952,No Items,Cartridge,150cc,48 Tracks,1862.679952,0.0,0:31:02.679952
22/02/20 (08:001),Cloudtop Cruise,2028.723882,No Items,Cartridge,150cc,48 Tracks,2028.723882,0.0,0:33:48.723882
22/02/20 (08:001),Bone-Dry Dunes,2187.848272,No Items,Cartridge,150cc,48 Tracks,2187.848272,0.0,0:36:27.848272
22/02/20 (08:001),Bowser's Castle,2355.486409,No Items,Cartridge,150cc,48 Tracks,2355.486409,0.0,0:39:15.486409
22/02/20 (08:001),Rainbow Road,2519.752409,No Items,Cartridge,150cc,48 Tracks,2519.752409,0.0,0:41:59.752409
22/02/20 (08:001),Wii Moo Moo Meadows,2642.1810370000003,No Items,Cartridge,150cc,48 Tracks,2642.1810370000003,0.0,0:44:02.181037
22/02/20 (08:001),GBA Mario Circuit,2768.0115650000002,No Items,Cartridge,150cc,48 Tracks,2768.0115650000002,0.0,0:46:08.011565
22/02/20 (08:001),DS Cheep Cheep Beach,2918.360137,No Items,Cartridge,150cc,48 Tracks,2918.360137,0.0,0:48:38.360137
22/02/20 (08:001),N64 Toad's Turnpike,3066.090878,No Items,Cartridge,150cc,48 Tracks,3066.090878,0.0,0:51:06.090878
22/02/20 (08:001),GCN Dry Dry Desert,3241.368269,No Items,Cartridge,150cc,48 Tracks,3241.368269,0.0,0:54:01.368269
22/02/20 (08:001),SNES Donut Plains 3,3360.532345,No Items,Cartridge,150cc,48 Tracks,3360.532345,0.0,0:56:00.532345
22/02/20 (08:001),N64 Royal Raceway,3520.537306,No Items,Cartridge,150cc,48 Tracks,3520.537306,0.0,0:58:40.537306
22/02/20 (08:001),3DS DK Jungle,3684.881561,No Items,Cartridge,150cc,48 Tracks,3684.881561,0.0,1:01:24.881561
22/02/20 (08:001),DS Wario Stadium,3841.373138,No Items,Cartridge,150cc,48 Tracks,3841.373138,0.0,1:04:01.373138
22/02/20 (08:001),GCN Sherbet Land,3996.324514,No Items,Cartridge,150cc,48 Tracks,3996.324514,0.0,1:06:36.324514
22/02/20 (08:001),3DS Music Park,4160.869439,No Items,Cartridge,150cc,48 Tracks,4160.869439,0.0,1:09:20.869439
22/02/20 (08:001),N64 Yoshi Valley,4325.308603,No Items,Cartridge,150cc,48 Tracks,4325.308603,0.0,1:12:05.308603
22/02/20 (08:001),DS Tick-Tock Clock,4474.346151000001,No Items,Cartridge,150cc,48 Tracks,4474.346151000001,0.0,1:14:34.346151
22/02/20 (08:001),3DS Piranha Plant Slide,4643.089522,No Items,Cartridge,150cc,48 Tracks,4643.089522,0.0,1:17:23.089522
22/02/20 (08:001),Wii Grumble Volcano,4808.680533000001,No Items,Cartridge,150cc,48 Tracks,4808.680533000001,0.0,1:20:08.680533
22/02/20 (08:001),N64 Rainbow Road,4923.904467,No Items,Cartridge,150cc,48 Tracks,4923.904467,0.0,1:22:03.904467
22/02/20 (08:001),GCN Yoshi Circuit,5077.495399,No Items,Cartridge,150cc,48 Tracks,5077.495399,0.0,1:24:37.495399
22/02/20 (08:001),Excitebike Arena,5221.506801,No Items,Cartridge,150cc,48 Tracks,5221.506801,0.0,1:27:01.506801
22/02/20 (08:001),Dragon Driftway,5372.2364370000005,No Items,Cartridge,150cc,48 Tracks,5372.2364370000005,0.0,1:29:32.236437
22/02/20 (08:001),Mute City,5526.918362,No Items,Cartridge,150cc,48 Tracks,5526.918362,0.0,1:32:06.918362
22/02/20 (08:001),Wii Wario's Gold Mine,5692.702913,No Items,Cartridge,150cc,48 Tracks,5692.702913,0.0,1:34:52.702913
22/02/20 (08:001),SNES Rainbow Road,5824.871991,No Items,Cartridge,150cc,48 Tracks,5824.871991,0.0,1:37:04.871991
22/02/20 (08:001),Ice Ice Outpost,5979.919275,No Items,Cartridge,150cc,48 Tracks,5979.919275,0.0,1:39:39.919275
22/02/20 (08:001),Hyrule Circuit,6138.932402,No Items,Cartridge,150cc,48 Tracks,6138.932402,0.0,1:42:18.932402
22/02/20 (08:001),GCN Baby Park,6239.331229,No Items,Cartridge,150cc,48 Tracks,6239.331229,0.0,1:43:59.331229
22/02/20 (08:001),GBA Cheese Land,6393.011407,No Items,Cartridge,150cc,48 Tracks,6393.011407,0.0,1:46:33.011407
22/02/20 (08:001),Wild Woods,6542.600732,No Items,Cartridge,150cc,48 Tracks,6542.600732,0.0,1:49:02.600732
22/02/20 (08:001),Animal Crossing,6684.188382,No Items,Cartridge,150cc,48 Tracks,6684.188382,0.0,1:51:24.188382
22/02/20 (08:001),3DS Neo Bowser City,6839.383462000001,No Items,Cartridge,150cc,48 Tracks,6839.383462000001,0.0,1:53:59.383462
22/02/20 (08:001),GBA Ribbon Road,6991.5947510000005,No Items,Cartridge,150cc,48 Tracks,6991.5947510000005,0.0,1:56:31.594751
22/02/20 (08:001),Super Bell Subway,7142.543704000001,No Items,Cartridge,150cc,48 Tracks,7142.543704000001,0.0,1:59:02.543704
22/02/20 (08:001),Big Blue,7266.128033000001,No Items,Cartridge,150cc,48 Tracks,7266.128033000001,0.0,2:01:06.128033
22/02/23 (08:002),Start,0.0,No Items,Cartridge,150cc,48 Tracks,0.0,0.0,0:00:00
22/02/23 (08:002),Mario Kart Stadium,130.313486,No Items,Cartridge,150cc,48 Tracks,135.951707,-5.638220999999987,0:02:10.313486
22/02/23 (08:002),Water Park,269.107498,No Items,Cartridge,150cc,48 Tracks,275.3152,-6.207701999999983,0:04:29.107498
22/02/23 (08:002),Sweet Sweet Canyon,417.80575,No Items,Cartridge,150cc,48 Tracks,429.08917099999996,-11.283420999999976,0:06:57.805750
22/02/23 (08:002),Thwomp Ruins,569.910976,No Items,Cartridge,150cc,48 Tracks,587.876125,-17.965148999999997,0:09:29.910976
22/02/23 (08:002),Mario Circuit,717.3775909999999,No Items,Cartridge,150cc,48 Tracks,735.763411,-18.38582000000008,0:11:57.377591
22/02/23 (08:002),Toad Harbor,884.347688,No Items,Cartridge,150cc,48 Tracks,903.381832,-19.034144000000083,0:14:44.347688
22/02/23 (08:002),Twisted Mansion,1041.079151,No Items,Cartridge,150cc,48 Tracks,1061.574384,-20.4952330000001,0:17:21.079151
22/02/23 (08:002),Shy Guy Falls,1204.40689,No Items,Cartridge,150cc,48 Tracks,1226.486701,-22.079811000000063,0:20:04.406890
22/02/23 (08:002),Sunshine Airport,1367.730102,No Items,Cartridge,150cc,48 Tracks,1387.858764,-20.128662000000077,0:22:47.730102
22/02/23 (08:002),Dolphin Shoals,1525.78471,No Items,Cartridge,150cc,48 Tracks,1550.37859,-24.593880000000127,0:25:25.784710
22/02/23 (08:002),Electrodrome,1687.650872,No Items,Cartridge,150cc,48 Tracks,1713.404823,-25.753951000000143,0:28:07.650872
22/02/23 (08:002),Mount Wario,1837.88239,No Items,Cartridge,150cc,48 Tracks,1862.679952,-24.79756199999997,0:30:37.882390
22/02/23 (08:002),Cloudtop Cruise,1998.211643,No Items,Cartridge,150cc,48 Tracks,2028.723882,-30.51223899999991,0:33:18.211643
22/02/23 (08:002),Bone-Dry Dunes,2156.729829,No Items,Cartridge,150cc,48 Tracks,2187.848272,-31.118443000000298,0:35:56.729829
22/02/23 (08:002),Bowser's Castle,2328.369269,No Items,Cartridge,150cc,48 Tracks,2355.486409,-27.11714000000029,0:38:48.369269
22/02/23 (08:002),Rainbow Road,2495.1936809999997,No Items,Cartridge,150cc,48 Tracks,2519.752409,-24.55872800000043,0:41:35.193681
22/02/23 (08:002),Wii Moo Moo Meadows,2619.3660339999997,No Items,Cartridge,150cc,48 Tracks,2642.1810370000003,-22.815003000000615,0:43:39.366034
22/02/23 (08:002),GBA Mario Circuit,2744.720763,No Items,Cartridge,150cc,48 Tracks,2768.0115650000002,-23.29080200000044,0:45:44.720763
22/02/23 (08:002),DS Cheep Cheep Beach,2892.947795,No Items,Cartridge,150cc,48 Tracks,2918.360137,-25.41234200000008,0:48:12.947795
22/02/23 (08:002),N64 Toad's Turnpike,3040.0154,No Items,Cartridge,150cc,48 Tracks,3066.090878,-26.075477999999748,0:50:40.015400
22/02/23 (08:002),GCN Dry Dry Desert,3213.961795,No Items,Cartridge,150cc,48 Tracks,3241.368269,-27.40647399999989,0:53:33.961795
22/02/23 (08:002),SNES Donut Plains 3,3334.5136810000004,No Items,Cartridge,150cc,48 Tracks,3360.532345,-26.018663999999717,0:55:34.513681
22/02/23 (08:002),N64 Royal Raceway,3494.7164860000003,No Items,Cartridge,150cc,48 Tracks,3520.537306,-25.820819999999912,0:58:14.716486
22/02/23 (08:002),3DS DK Jungle,3657.600906,No Items,Cartridge,150cc,48 Tracks,3684.881561,-27.280655000000024,1:00:57.600906
22/02/23 (08:002),DS Wario Stadium,3814.523569,No Items,Cartridge,150cc,48 Tracks,3841.373138,-26.849568999999974,1:03:34.523569
22/02/23 (08:002),GCN Sherbet Land,3968.356532,No Items,Cartridge,150cc,48 Tracks,3996.324514,-27.96798200000012,1:06:08.356532
22/02/23 (08:002),3DS Music Park,4128.380658,No Items,Cartridge,150cc,48 Tracks,4160.869439,-32.48878100000002,1:08:48.380658
22/02/23 (08:002),N64 Yoshi Valley,4288.321725,No Items,Cartridge,150cc,48 Tracks,4325.308603,-36.986878000000615,1:11:28.321725
22/02/23 (08:002),DS Tick-Tock Clock,4438.9565489999995,No Items,Cartridge,150cc,48 Tracks,4474.346151000001,-35.389602000001105,1:13:58.956549
22/02/23 (08:002),3DS Piranha Plant Slide,4607.186782,No Items,Cartridge,150cc,48 Tracks,4643.089522,-35.90274000000045,1:16:47.186782
22/02/23 (08:002),Wii Grumble Volcano,4764.630096,No Items,Cartridge,150cc,48 Tracks,4808.680533000001,-44.050437000000784,1:19:24.630096
22/02/23 (08:002),N64 Rainbow Road,4879.10929,No Items,Cartridge,150cc,48 Tracks,4923.904467,-44.79517699999997,1:21:19.109290
22/02/23 (08:002),GCN Yoshi Circuit,5034.798814000001,No Items,Cartridge,150cc,48 Tracks,5077.495399,-42.696584999999686,1:23:54.798814
22/02/23 (08:002),Excitebike Arena,5181.702897000001,No Items,Cartridge,150cc,48 Tracks,5221.506801,-39.80390399999942,1:26:21.702897
22/02/23 (08:002),Dragon Driftway,5331.818481000001,No Items,Cartridge,150cc,48 Tracks,5372.2364370000005,-40.41795599999932,1:28:51.818481
22/02/23 (08:002),Mute City,5487.892286000001,No Items,Cartridge,150cc,48 Tracks,5526.918362,-39.02607599999919,1:31:27.892286
22/02/23 (08:002),Wii Wario's Gold Mine,5649.314179000001,No Items,Cartridge,150cc,48 Tracks,5692.702913,-43.388733999999204,1:34:09.314179
22/02/23 (08:002),SNES Rainbow Road,5779.61303,No Items,Cartridge,150cc,48 Tracks,5824.871991,-45.258960999999545,1:36:19.613030
22/02/23 (08:002),Ice Ice Outpost,5930.569176000001,No Items,Cartridge,150cc,48 Tracks,5979.919275,-49.35009899999932,1:38:50.569176
22/02/23 (08:002),Hyrule Circuit,6085.464158000001,No Items,Cartridge,150cc,48 Tracks,6138.932402,-53.468243999999686,1:41:25.464158
22/02/23 (08:002),GCN Baby Park,6186.005704000001,No Items,Cartridge,150cc,48 Tracks,6239.331229,-53.32552499999929,1:43:06.005704
22/02/23 (08:002),GBA Cheese Land,6341.595949000001,No Items,Cartridge,150cc,48 Tracks,6393.011407,-51.41545799999858,1:45:41.595949
22/02/23 (08:002),Wild Woods,6488.8077950000015,No Items,Cartridge,150cc,48 Tracks,6542.600732,-53.792936999998346,1:48:08.807795
22/02/23 (08:002),Animal Crossing,6629.506022000001,No Items,Cartridge,150cc,48 Tracks,6684.188382,-54.68235999999888,1:50:29.506022
22/02/23 (08:002),3DS Neo Bowser City,6786.760237000001,No Items,Cartridge,150cc,48 Tracks,6839.383462000001,-52.623224999999366,1:53:06.760237
22/02/23 (08:002),GBA Ribbon Road,6946.417636000001,No Items,Cartridge,150cc,48 Tracks,6991.5947510000005,-45.1771149999995,1:55:46.417636
22/02/23 (08:002),Super Bell Subway,7099.639945000001,No Items,Cartridge,150cc,48 Tracks,7142.543704000001,-42.90375899999981,1:58:19.639945
22/02/23 (08:002),Big Blue,7222.9940990000005,No Items,Cartridge,150cc,48 Tracks,7266.128033000001,-43.13393400000041,2:00:22.994099
22/02/25 (08:003),Start,0.0,No Items,Cartridge,150cc,48 Tracks,0.0,0.0,0:00:00
22/02/25 (08:003),Mario Kart Stadium,132.745151,No Items,Cartridge,150cc,48 Tracks,135.951707,-3.206556000000006,0:02:12.745151
22/02/25 (08:003),Water Park,272.45187799999997,No Items,Cartridge,150cc,48 Tracks,275.3152,-2.8633220000000392,0:04:32.451878
22/02/25 (08:003),Sweet Sweet Canyon,420.182961,No Items,Cartridge,150cc,48 Tracks,429.08917099999996,-8.906209999999987,0:07:00.182961
22/02/25 (08:003),Thwomp Ruins,572.029997,No Items,Cartridge,150cc,48 Tracks,587.876125,-15.846128000000022,0:09:32.029997
22/02/25 (08:003),Mario Circuit,719.688328,No Items,Cartridge,150cc,48 Tracks,735.763411,-16.075083000000063,0:11:59.688328
22/02/25 (08:003),Toad Harbor,890.6498359999999,No Items,Cartridge,150cc,48 Tracks,903.381832,-12.731996000000095,0:14:50.649836
22/02/25 (08:003),Twisted Mansion,1048.167138,No Items,Cartridge,150cc,48 Tracks,1061.574384,-13.407245999999986,0:17:28.167138
22/02/25 (08:003),Shy Guy Falls,1210.873424,No Items,Cartridge,150cc,48 Tracks,1226.486701,-15.613276999999925,0:20:10.873424
22/02/25 (08:003),Sunshine Airport,1375.0630820000001,No Items,Cartridge,150cc,48 Tracks,1387.858764,-12.795681999999942,0:22:55.063082
22/02/25 (08:003),Dolphin Shoals,1533.9765980000002,No Items,Cartridge,150cc,48 Tracks,1550.37859,-16.401991999999836,0:25:33.976598
22/02/25 (08:003),Electrodrome,1693.864477,No Items,Cartridge,150cc,48 Tracks,1713.404823,-19.540346,0:28:13.864477
22/02/25 (08:003),Mount Wario,1843.1640180000002,No Items,Cartridge,150cc,48 Tracks,1862.679952,-19.51593399999979,0:30:43.164018
22/02/25 (08:003),Cloudtop Cruise,2005.2240490000002,No Items,Cartridge,150cc,48 Tracks,2028.723882,-23.499832999999853,0:33:25.224049
22/02/25 (08:003),Bone-Dry Dunes,2160.841167,No Items,Cartridge,150cc,48 Tracks,2187.848272,-27.007105000000138,0:36:00.841167
22/02/25 (08:003),Bowser's Castle,2325.70806,No Items,Cartridge,150cc,48 Tracks,2355.486409,-29.778349000000162,0:38:45.708060
22/02/25 (08:003),Rainbow Road,2493.537539,No Items,Cartridge,150cc,48 Tracks,2519.752409,-26.214870000000246,0:41:33.537539
22/02/25 (08:003),Wii Moo Moo Meadows,2615.966493,No Items,Cartridge,150cc,48 Tracks,2642.1810370000003,-26.214544000000387,0:43:35.966493
22/02/25 (08:003),GBA Mario Circuit,2742.166007,No Items,Cartridge,150cc,48 Tracks,2768.0115650000002,-25.845558000000437,0:45:42.166007
22/02/25 (08:003),DS Cheep Cheep Beach,2890.564515,No Items,Cartridge,150cc,48 Tracks,2918.360137,-27.795622000000094,0:48:10.564515
22/02/25 (08:003),N64 Toad's Turnpike,3037.075594,No Items,Cartridge,150cc,48 Tracks,3066.090878,-29.015284000000065,0:50:37.075594
22/02/25 (08:003),GCN Dry Dry Desert,3215.453337,No Items,Cartridge,150cc,48 Tracks,3241.368269,-25.914932000000135,0:53:35.453337
22/02/25 (08:003),SNES Donut Plains 3,3333.670542,No Items,Cartridge,150cc,48 Tracks,3360.532345,-26.861803000000236,0:55:33.670542
22/02/25 (08:003),N64 Royal Raceway,3492.7837259999997,No Items,Cartridge,150cc,48 Tracks,3520.537306,-27.75358000000051,0:58:12.783726
22/02/25 (08:003),3DS DK Jungle,3656.22385,No Items,Cartridge,150cc,48 Tracks,3684.881561,-28.65771100000029,1:00:56.223850
22/02/25 (08:003),DS Wario Stadium,3811.091887,No Items,Cartridge,150cc,48 Tracks,3841.373138,-30.281250999999884,1:03:31.091887
22/02/25 (08:003),GCN Sherbet Land,3963.878348,No Items,Cartridge,150cc,48 Tracks,3996.324514,-32.44616599999972,1:06:03.878348
22/02/25 (08:003),3DS Music Park,4126.683588,No Items,Cartridge,150cc,48 Tracks,4160.869439,-34.185851000000184,1:08:46.683588
22/02/25 (08:003),N64 Yoshi Valley,4286.070697,No Items,Cartridge,150cc,48 Tracks,4325.308603,-39.237906000000294,1:11:26.070697
22/02/25 (08:003),DS Tick-Tock Clock,4434.893543,No Items,Cartridge,150cc,48 Tracks,4474.346151000001,-39.45260800000051,1:13:54.893543
22/02/25 (08:003),3DS Piranha Plant Slide,4601.57496,No Items,Cartridge,150cc,48 Tracks,4643.089522,-41.514562000000296,1:16:41.574960
22/02/25 (08:003),Wii Grumble Volcano,4762.016899,No Items,Cartridge,150cc,48 Tracks,4808.680533000001,-46.66363400000046,1:19:22.016899
22/02/25 (08:003),N64 Rainbow Road,4877.417825,No Items,Cartridge,150cc,48 Tracks,4923.904467,-46.48664199999985,1:21:17.417825
22/02/25 (08:003),GCN Yoshi Circuit,5029.720028000001,No Items,Cartridge,150cc,48 Tracks,5077.495399,-47.77537099999972,1:23:49.720028
22/02/25 (08:003),Excitebike Arena,5172.220598000001,No Items,Cartridge,150cc,48 Tracks,5221.506801,-49.28620299999966,1:26:12.220598
22/02/25 (08:003),Dragon Driftway,5321.413493000001,No Items,Cartridge,150cc,48 Tracks,5372.2364370000005,-50.82294399999955,1:28:41.413493
22/02/25 (08:003),Mute City,5475.3378680000005,No Items,Cartridge,150cc,48 Tracks,5526.918362,-51.58049399999982,1:31:15.337868
22/02/25 (08:003),Wii Wario's Gold Mine,5637.797973000001,No Items,Cartridge,150cc,48 Tracks,5692.702913,-54.90493999999944,1:33:57.797973
22/02/25 (08:003),SNES Rainbow Road,5769.742331,No Items,Cartridge,150cc,48 Tracks,5824.871991,-55.1296599999996,1:36:09.742331
22/02/25 (08:003),Ice Ice Outpost,5922.857271000001,No Items,Cartridge,150cc,48 Tracks,5979.919275,-57.06200399999943,1:38:42.857271
22/02/25 (08:003),Hyrule Circuit,6081.036659,No Items,Cartridge,150cc,48 Tracks,6138.932402,-57.89574300000004,1:41:21.036659
22/02/25 (08:003),GCN Baby Park,6181.180015,No Items,Cartridge,150cc,48 Tracks,6239.331229,-58.15121400000044,1:43:01.180015
22/02/25 (08:003),GBA Cheese Land,6337.731305,No Items,Cartridge,150cc,48 Tracks,6393.011407,-55.280101999999715,1:45:37.731305
22/02/25 (08:003),Wild Woods,6485.08024,No Items,Cartridge,150cc,48 Tracks,6542.600732,-57.52049199999965,1:48:05.080240
22/02/25 (08:003),Animal Crossing,6625.506665,No Items,Cartridge,150cc,48 Tracks,6684.188382,-58.68171700000039,1:50:25.506665
22/02/25 (08:003),3DS Neo Bowser City,6776.828667,No Items,Cartridge,150cc,48 Tracks,6839.383462000001,-62.55479500000092,1:52:56.828667
22/02/25 (08:003),GBA Ribbon Road,6931.283407999999,No Items,Cartridge,150cc,48 Tracks,6991.5947510000005,-60.311343000001216,1:55:31.283408
22/02/25 (08:003),Super Bell Subway,7081.777743999999,No Items,Cartridge,150cc,48 Tracks,7142.543704000001,-60.76596000000154,1:58:01.777744
22/02/25 (08:003),Big Blue,7205.880080999999,No Items,Cartridge,150cc,48 Tracks,7266.128033000001,-60.24795200000153,2:00:05.880081
22/02/27 (08:004),Start,0.0,No Items,Cartridge,150cc,48 Tracks,0.0,0.0,0:00:00
22/02/27 (08:004),Mario Kart Stadium,131.964295,No Items,Cartridge,150cc,48 Tracks,135.951707,-3.987412000000006,0:02:11.964295
22/02/27 (08:004),Water Park,273.062002,No Items,Cartridge,150cc,48 Tracks,275.3152,-2.2531979999999976,0:04:33.062002
22/02/27 (08:004),Sweet Sweet Canyon,420.991947,No Items,Cartridge,150cc,48 Tracks,429.08917099999996,-8.097223999999983,0:07:00.991947
22/02/27 (08:004),Thwomp Ruins,572.503151,No Items,Cartridge,150cc,48 Tracks,587.876125,-15.372974,0:09:32.503151
22/02/27 (08:004),Mario Circuit,718.656746,No Items,Cartridge,150cc,48 Tracks,735.763411,-17.10666500000002,0:11:58.656746
22/02/27 (08:004),Toad Harbor,885.7844709999999,No Items,Cartridge,150cc,48 Tracks,903.381832,-17.59736100000009,0:14:45.784471
22/02/27 (08:004),Twisted Mansion,1041.588076,No Items,Cartridge,150cc,48 Tracks,1061.574384,-19.986308000000008,0:17:21.588076
22/02/27 (08:004),Shy Guy Falls,1207.578328,No Items,Cartridge,150cc,48 Tracks,1226.486701,-18.908372999999983,0:20:07.578328
22/02/27 (08:004),Sunshine Airport,1367.155918,No Items,Cartridge,150cc,48 Tracks,1387.858764,-20.702846000000136,0:22:47.155918
22/02/27 (08:004),Dolphin Shoals,1524.5351859999998,No Items,Cartridge,150cc,48 Tracks,1550.37859,-25.84340400000019,0:25:24.535186
22/02/27 (08:004),Electrodrome,1684.9134009999998,No Items,Cartridge,150cc,48 Tracks,1713.404823,-28.491422000000284,0:28:04.913401
22/02/27 (08:004),Mount Wario,1831.7520179999997,No Items,Cartridge,150cc,48 Tracks,1862.679952,-30.927934000000278,0:30:31.752018
22/02/27 (08:004),Cloudtop Cruise,1998.7738389999997,No Items,Cartridge,150cc,48 Tracks,2028.723882,-29.950043000000278,0:33:18.773839
22/02/27 (08:004),Bone-Dry Dunes,2156.4401749999997,No Items,Cartridge,150cc,48 Tracks,2187.848272,-31.408097000000453,0:35:56.440175
22/02/27 (08:004),Bowser's Castle,2321.5722459999997,No Items,Cartridge,150cc,48 Tracks,2355.486409,-33.91416300000037,0:38:41.572246
22/02/27 (08:004),Rainbow Road,2491.7065759999996,No Items,Cartridge,150cc,48 Tracks,2519.752409,-28.045833000000584,0:41:31.706576
22/02/27 (08:004),Wii Moo Moo Meadows,2614.1478649999995,No Items,Cartridge,150cc,48 Tracks,2642.1810370000003,-28.03317200000083,0:43:34.147865
22/02/27 (08:004),GBA Mario Circuit,2740.9071529999997,No Items,Cartridge,150cc,48 Tracks,2768.0115650000002,-27.104412000000593,0:45:40.907153
22/02/27 (08:004),DS Cheep Cheep Beach,2889.1103459999995,No Items,Cartridge,150cc,48 Tracks,2918.360137,-29.24979100000064,0:48:09.110346
22/02/27 (08:004),N64 Toad's Turnpike,3035.0078129999993,No Items,Cartridge,150cc,48 Tracks,3066.090878,-31.083065000000715,0:50:35.007813
22/02/27 (08:004),GCN Dry Dry Desert,3207.433245999999,No Items,Cartridge,150cc,48 Tracks,3241.368269,-33.93502300000091,0:53:27.433246
22/02/27 (08:004),SNES Donut Plains 3,3322.831066999999,No Items,Cartridge,150cc,48 Tracks,3360.532345,-37.70127800000091,0:55:22.831067
22/02/27 (08:004),N64 Royal Raceway,3481.337871999999,No Items,Cartridge,150cc,48 Tracks,3520.537306,-39.19943400000102,0:58:01.337872
22/02/27 (08:004),3DS DK Jungle,3644.0972389999993,No Items,Cartridge,150cc,48 Tracks,3684.881561,-40.784322000000884,1:00:44.097239
22/02/27 (08:004),DS Wario Stadium,3798.905431999999,No Items,Cartridge,150cc,48 Tracks,3841.373138,-42.46770600000082,1:03:18.905432
22/02/27 (08:004),GCN Sherbet Land,3951.880827999999,No Items,Cartridge,150cc,48 Tracks,3996.324514,-44.44368600000098,1:05:51.880828
22/02/27 (08:004),3DS Music Park,4113.994808999999,No Items,Cartridge,150cc,48 Tracks,4160.869439,-46.87463000000116,1:08:33.994809
22/02/27 (08:004),N64 Yoshi Valley,4272.6713949999985,No Items,Cartridge,150cc,48 Tracks,4325.308603,-52.63720800000192,1:11:12.671395
22/02/27 (08:004),DS Tick-Tock Clock,4422.665636999998,No Items,Cartridge,150cc,48 Tracks,4474.346151000001,-51.680514000002404,1:13:42.665637
22/02/27 (08:004),3DS Piranha Plant Slide,4588.4230849999985,No Items,Cartridge,150cc,48 Tracks,4643.089522,-54.66643700000168,1:16:28.423085
22/02/27 (08:004),Wii Grumble Volcano,4746.122052999998,No Items,Cartridge,150cc,48 Tracks,4808.680533000001,-62.55848000000242,1:19:06.122053
22/02/27 (08:004),N64 Rainbow Road,4860.544679999998,No Items,Cartridge,150cc,48 Tracks,4923.904467,-63.35978700000214,1:21:00.544680
22/02/27 (08:004),GCN Yoshi Circuit,5012.828060999998,No Items,Cartridge,150cc,48 Tracks,5077.495399,-64.66733800000202,1:23:32.828061
22/02/27 (08:004),Excitebike Arena,5157.524253999998,No Items,Cartridge,150cc,48 Tracks,5221.506801,-63.98254700000234,1:25:57.524254
22/02/27 (08:004),Dragon Driftway,5304.987941999998,No Items,Cartridge,150cc,48 Tracks,5372.2364370000005,-67.24849500000255,1:28:24.987942
22/02/27 (08:004),Mute City,5458.173587999998,No Items,Cartridge,150cc,48 Tracks,5526.918362,-68.74477400000251,1:30:58.173588
22/02/27 (08:004),Wii Wario's Gold Mine,5620.8481619999975,No Items,Cartridge,150cc,48 Tracks,5692.702913,-71.85475100000258,1:33:40.848162
22/02/27 (08:004),SNES Rainbow Road,5752.773134999998,No Items,Cartridge,150cc,48 Tracks,5824.871991,-72.09885600000234,1:35:52.773135
22/02/27 (08:004),Ice Ice Outpost,5902.321284999997,No Items,Cartridge,150cc,48 Tracks,5979.919275,-77.59799000000294,1:38:22.321285
22/02/27 (08:004),Hyrule Circuit,6055.061356999997,No Items,Cartridge,150cc,48 Tracks,6138.932402,-83.8710450000035,1:40:55.061357
22/02/27 (08:004),GCN Baby Park,6154.934957999997,No Items,Cartridge,150cc,48 Tracks,6239.331229,-84.39627100000325,1:42:34.934958
22/02/27 (08:004),GBA Cheese Land,6306.266588999997,No Items,Cartridge,150cc,48 Tracks,6393.011407,-86.74481800000285,1:45:06.266589
22/02/27 (08:004),Wild Woods,6453.5301169999975,No Items,Cartridge,150cc,48 Tracks,6542.600732,-89.07061500000236,1:47:33.530117
22/02/27 (08:004),Animal Crossing,6603.499568999998,No Items,Cartridge,150cc,48 Tracks,6684.188382,-80.68881300000248,1:50:03.499569
22/02/27 (08:004),3DS Neo Bowser City,6763.622591999998,No Items,Cartridge,150cc,48 Tracks,6839.383462000001,-75.7608700000028,1:52:43.622592
22/02/27 (08:004),GBA Ribbon Road,6916.970517999998,No Items,Cartridge,150cc,48 Tracks,6991.5947510000005,-74.62423300000228,1:55:16.970518
22/02/27 (08:004),Super Bell Subway,7068.405611999999,No Items,Cartridge,150cc,48 Tracks,7142.543704000001,-74.13809200000196,1:57:48.405612
22/02/27 (08:004),Big Blue,7190.1819879999985,No Items,Cartridge,150cc,48 Tracks,7266.128033000001,-75.94604500000241,1:59:50.181988
22/03/07 (08:005),Start,0.0,No Items,Cartridge,150cc,48 Tracks,0.0,0.0,0:00:00
22/03/07 (08:005),Mario Kart Stadium,132.839551,No Items,Cartridge,150cc,48 Tracks,135.951707,-3.112155999999999,0:02:12.839551
22/03/07 (08:005),Water Park,269.69305499999996,No Items,Cartridge,150cc,48 Tracks,275.3152,-5.622145000000046,0:04:29.693055
22/03/07 (08:005),Sweet Sweet Canyon,418.58229499999993,No Items,Cartridge,150cc,48 Tracks,429.08917099999996,-10.506876000000034,0:06:58.582295
22/03/07 (08:005),Thwomp Ruins,574.1427489999999,No Items,Cartridge,150cc,48 Tracks,587.876125,-13.733376000000135,0:09:34.142749
22/03/07 (08:005),Mario Circuit,720.4113619999998,No Items,Cartridge,150cc,48 Tracks,735.763411,-15.352049000000193,0:12:00.411362
22/03/07 (08:005),Toad Harbor,887.4428689999999,No Items,Cartridge,150cc,48 Tracks,903.381832,-15.938963000000172,0:14:47.442869
22/03/07 (08:005),Twisted Mansion,1045.195873,No Items,Cartridge,150cc,48 Tracks,1061.574384,-16.378511000000117,0:17:25.195873
22/03/07 (08:005),Shy Guy Falls,1208.1620589999998,No Items,Cartridge,150cc,48 Tracks,1226.486701,-18.324642000000267,0:20:08.162059
22/03/07 (08:005),Sunshine Airport,1369.1392979999998,No Items,Cartridge,150cc,48 Tracks,1387.858764,-18.71946600000024,0:22:49.139298
22/03/07 (08:005),Dolphin Shoals,1528.771147,No Items,Cartridge,150cc,48 Tracks,1550.37859,-21.607443000000103,0:25:28.771147
22/03/07 (08:005),Electrodrome,1690.728564,No Items,Cartridge,150cc,48 Tracks,1713.404823,-22.676259000000073,0:28:10.728564
22/03/07 (08:005),Mount Wario,1837.543545,No Items,Cartridge,150cc,48 Tracks,1862.679952,-25.136406999999963,0:30:37.543545
22/03/07 (08:005),Cloudtop Cruise,2001.454224,No Items,Cartridge,150cc,48 Tracks,2028.723882,-27.269657999999936,0:33:21.454224
22/03/07 (08:005),Bone-Dry Dunes,2158.853036,No Items,Cartridge,150cc,48 Tracks,2187.848272,-28.995236000000205,0:35:58.853036
22/03/07 (08:005),Bowser's Castle,2323.82192,No Items,Cartridge,150cc,48 Tracks,2355.486409,-31.66448900000023,0:38:43.821920
22/03/07 (08:005),Rainbow Road,2487.1117409999997,No Items,Cartridge,150cc,48 Tracks,2519.752409,-32.64066800000046,0:41:27.111741
22/03/07 (08:005),Wii Moo Moo Meadows,2609.1382249999997,No Items,Cartridge,150cc,48 Tracks,2642.1810370000003,-33.042812000000595,0:43:29.138225
22/03/07 (08:005),GBA Mario Circuit,2734.4726229999997,No Items,Cartridge,150cc,48 Tracks,2768.0115650000002,-33.53894200000059,0:45:34.472623
22/03/07 (08:005),DS Cheep Cheep Beach,2881.2700749999995,No Items,Cartridge,150cc,48 Tracks,2918.360137,-37.09006200000067,0:48:01.270075
22/03/07 (08:005),N64 Toad's Turnpike,3029.5829109999995,No Items,Cartridge,150cc,48 Tracks,3066.090878,-36.50796700000046,0:50:29.582911
22/03/07 (08:005),GCN Dry Dry Desert,3197.6211489999996,No Items,Cartridge,150cc,48 Tracks,3241.368269,-43.74712000000045,0:53:17.621149
22/03/07 (08:005),SNES Donut Plains 3,3317.4535419999997,No Items,Cartridge,150cc,48 Tracks,3360.532345,-43.078803000000335,0:55:17.453542
22/03/07 (08:005),N64 Royal Raceway,3477.9635879999996,No Items,Cartridge,150cc,48 Tracks,3520.537306,-42.573718000000554,0:57:57.963588
22/03/07 (08:005),3DS DK Jungle,3640.735711,No Items,Cartridge,150cc,48 Tracks,3684.881561,-44.14585000000034,1:00:40.735711
22/03/07 (08:005),DS Wario Stadium,3796.92413,No Items,Cartridge,150cc,48 Tracks,3841.373138,-44.44900800000005,1:03:16.924130
22/03/07 (08:005),GCN Sherbet Land,3950.322163,No Items,Cartridge,150cc,48 Tracks,3996.324514,-46.00235100000009,1:05:50.322163
22/03/07 (08:005),3DS Music Park,4112.982571,No Items,Cartridge,150cc,48 Tracks,4160.869439,-47.886868000000504,1:08:32.982571
22/03/07 (08:005),N64 Yoshi Valley,4272.498331999999,No Items,Cartridge,150cc,48 Tracks,4325.308603,-52.810271000001194,1:11:12.498332
22/03/07 (08:005),DS Tick-Tock Clock,4423.148585999999,No Items,Cartridge,150cc,48 Tracks,4474.346151000001,-51.197565000001305,1:13:43.148586
22/03/07 (08:005),3DS Piranha Plant Slide,4589.988167999999,No Items,Cartridge,150cc,48 Tracks,4643.089522,-53.101354000001265,1:16:29.988168
22/03/07 (08:005),Wii Grumble Volcano,4751.520001999999,No Items,Cartridge,150cc,48 Tracks,4808.680533000001,-57.160531000001356,1:19:11.520002
22/03/07 (08:005),N64 Rainbow Road,4867.368315999999,No Items,Cartridge,150cc,48 Tracks,4923.904467,-56.536151000001155,1:21:07.368316
22/03/07 (08:005),GCN Yoshi Circuit,5024.3855269999995,No Items,Cartridge,150cc,48 Tracks,5077.495399,-53.109872000000905,1:23:44.385527
22/03/07 (08:005),Excitebike Arena,5171.462699999999,No Items,Cartridge,150cc,48 Tracks,5221.506801,-50.04410100000132,1:26:11.462700
22/03/07 (08:005),Dragon Driftway,5319.2353969999995,No Items,Cartridge,150cc,48 Tracks,5372.2364370000005,-53.00104000000101,1:28:39.235397
22/03/07 (08:005),Mute City,5473.194023999999,No Items,Cartridge,150cc,48 Tracks,5526.918362,-53.7243380000009,1:31:13.194024
22/03/07 (08:005),Wii Wario's Gold Mine,5639.3649749999995,No Items,Cartridge,150cc,48 Tracks,5692.702913,-53.33793800000058,1:33:59.364975
22/03/07 (08:005),SNES Rainbow Road,5769.580687,No Items,Cartridge,150cc,48 Tracks,5824.871991,-55.29130400000031,1:36:09.580687
22/03/07 (08:005),Ice Ice Outpost,5919.527278,No Items,Cartridge,150cc,48 Tracks,5979.919275,-60.39199700000063,1:38:39.527278
22/03/07 (08:005),Hyrule Circuit,6075.437776999999,No Items,Cartridge,150cc,48 Tracks,6138.932402,-63.49462500000118,1:41:15.437777
22/03/07 (08:005),GCN Baby Park,6177.052848999999,No Items,Cartridge,150cc,48 Tracks,6239.331229,-62.27838000000156,1:42:57.052849
22/03/07 (08:005),GBA Cheese Land,6336.804387999999,No Items,Cartridge,150cc,48 Tracks,6393.011407,-56.20701900000131,1:45:36.804388
22/03/07 (08:005),Wild Woods,6487.118782999999,No Items,Cartridge,150cc,48 Tracks,6542.600732,-55.481949000000895,1:48:07.118783
22/03/07 (08:005),Animal Crossing,6638.243565999999,No Items,Cartridge,150cc,48 Tracks,6684.188382,-45.94481600000108,1:50:38.243566
22/03/07 (08:005),3DS Neo Bowser City,6793.167184999999,No Items,Cartridge,150cc,48 Tracks,6839.383462000001,-46.216277000001355,1:53:13.167185
22/03/07 (08:005),GBA Ribbon Road,6944.6802529999995,No Items,Cartridge,150cc,48 Tracks,6991.5947510000005,-46.914498000001004,1:55:44.680253
22/03/07 (08:005),Super Bell Subway,7096.205545999999,No Items,Cartridge,150cc,48 Tracks,7142.543704000001,-46.338158000001386,1:58:16.205546
22/03/07 (08:005),Big Blue,7219.229146,No Items,Cartridge,150cc,48 Tracks,7266.128033000001,-46.898887000001196,2:00:19.229146
22/03/13 (08:006),Start,0.0,No Items,Cartridge,150cc,48 Tracks,0.0,0.0,0:00:00
22/03/13 (08:006),Mario Kart Stadium,131.753976,No Items,Cartridge,150cc,48 Tracks,135.951707,-4.1977310000000045,0:02:11.753976
22/03/13 (08:006),Water Park,269.265533,No Items,Cartridge,150cc,48 Tracks,275.3152,-6.0496669999999995,0:04:29.265533
22/03/13 (08:006),Sweet Sweet Canyon,418.08802000000003,No Items,Cartridge,150cc,48 Tracks,429.08917099999996,-11.001150999999936,0:06:58.088020
22/03/13 (08:006),Thwomp Ruins,570.238924,No Items,Cartridge,150cc,48 Tracks,587.876125,-17.637201000000005,0:09:30.238924
22/03/13 (08:006),Mario Circuit,716.107839,No Items,Cartridge,150cc,48 Tracks,735.763411,-19.655572000000006,0:11:56.107839
22/03/13 (08:006),Toad Harbor,882.22298,No Items,Cartridge,150cc,48 Tracks,903.381832,-21.158852000000024,0:14:42.222980
22/03/13 (08:006),Twisted Mansion,1038.6649419999999,No Items,Cartridge,150cc,48 Tracks,1061.574384,-22.909442000000126,0:17:18.664942
22/03/13 (08:006),Shy Guy Falls,1200.3061069999999,No Items,Cartridge,150cc,48 Tracks,1226.486701,-26.180594000000156,0:20:00.306107
22/03/13 (08:006),Sunshine Airport,1359.4946659999998,No Items,Cartridge,150cc,48 Tracks,1387.858764,-28.36409800000024,0:22:39.494666
22/03/13 (08:006),Dolphin Shoals,1516.0497859999998,No Items,Cartridge,150cc,48 Tracks,1550.37859,-34.32880400000022,0:25:16.049786
22/03/13 (08:006),Electrodrome,1676.1036609999999,No Items,Cartridge,150cc,48 Tracks,1713.404823,-37.301162000000204,0:27:56.103661
22/03/13 (08:006),Mount Wario,1820.674243,No Items,Cartridge,150cc,48 Tracks,1862.679952,-42.005709000000024,0:30:20.674243
22/03/13 (08:006),Cloudtop Cruise,1982.090491,No Items,Cartridge,150cc,48 Tracks,2028.723882,-46.633391000000074,0:33:02.090491
22/03/13 (08:006),Bone-Dry Dunes,2137.631646,No Items,Cartridge,150cc,48 Tracks,2187.848272,-50.21662600000036,0:35:37.631646
22/03/13 (08:006),Bowser's Castle,2302.6688179999996,No Items,Cartridge,150cc,48 Tracks,2355.486409,-52.81759100000045,0:38:22.668818
22/03/13 (08:006),Rainbow Road,2463.812615,No Items,Cartridge,150cc,48 Tracks,2519.752409,-55.93979400000035,0:41:03.812615
22/03/13 (08:006),Wii Moo Moo Meadows,2586.4308619999997,No Items,Cartridge,150cc,48 Tracks,2642.1810370000003,-55.75017500000058,0:43:06.430862
22/03/13 (08:006),GBA Mario Circuit,2710.2960679999997,No Items,Cartridge,150cc,48 Tracks,2768.0115650000002,-57.715497000000596,0:45:10.296068
22/03/13 (08:006),DS Cheep Cheep Beach,2856.6061569999997,No Items,Cartridge,150cc,48 Tracks,2918.360137,-61.75398000000041,0:47:36.606157
22/03/13 (08:006),N64 Toad's Turnpike,3003.848905,No Items,Cartridge,150cc,48 Tracks,3066.090878,-62.241973000000144,0:50:03.848905
22/03/13 (08:006),GCN Dry Dry Desert,3170.575785,No Items,Cartridge,150cc,48 Tracks,3241.368269,-70.79248400000006,0:52:50.575785
22/03/13 (08:006),SNES Donut Plains 3,3287.578998,No Items,Cartridge,150cc,48 Tracks,3360.532345,-72.95334700000012,0:54:47.578998
22/03/13 (08:006),N64 Royal Raceway,3446.3052979999998,No Items,Cartridge,150cc,48 Tracks,3520.537306,-74.2320080000004,0:57:26.305298
22/03/13 (08:006),3DS DK Jungle,3609.1945589999996,No Items,Cartridge,150cc,48 Tracks,3684.881561,-75.68700200000058,1:00:09.194559
22/03/13 (08:006),DS Wario Stadium,3762.5617969999994,No Items,Cartridge,150cc,48 Tracks,3841.373138,-78.81134100000054,1:02:42.561797
22/03/13 (08:006),GCN Sherbet Land,3915.071201999999,No Items,Cartridge,150cc,48 Tracks,3996.324514,-81.25331200000073,1:05:15.071202
22/03/13 (08:006),3DS Music Park,4075.9266469999993,No Items,Cartridge,150cc,48 Tracks,4160.869439,-84.94279200000074,1:07:55.926647
22/03/13 (08:006),N64 Yoshi Valley,4234.38585,No Items,Cartridge,150cc,48 Tracks,4325.308603,-90.92275300000074,1:10:34.385850
22/03/13 (08:006),DS Tick-Tock Clock,4382.933797,No Items,Cartridge,150cc,48 Tracks,4474.346151000001,-91.41235400000096,1:13:02.933797
22/03/13 (08:006),3DS Piranha Plant Slide,4547.774872999999,No Items,Cartridge,150cc,48 Tracks,4643.089522,-95.31464900000083,1:15:47.774873
22/03/13 (08:006),Wii Grumble Volcano,4704.9000399999995,No Items,Cartridge,150cc,48 Tracks,4808.680533000001,-103.78049300000112,1:18:24.900040
22/03/13 (08:006),N64 Rainbow Road,4819.425303,No Items,Cartridge,150cc,48 Tracks,4923.904467,-104.47916400000031,1:20:19.425303
22/03/13 (08:006),GCN Yoshi Circuit,4969.319035,No Items,Cartridge,150cc,48 Tracks,5077.495399,-108.17636399999992,1:22:49.319035
22/03/13 (08:006),Excitebike Arena,5111.540360000001,No Items,Cartridge,150cc,48 Tracks,5221.506801,-109.96644099999958,1:25:11.540360
22/03/13 (08:006),Dragon Driftway,5259.848371000001,No Items,Cartridge,150cc,48 Tracks,5372.2364370000005,-112.38806599999953,1:27:39.848371
22/03/13 (08:006),Mute City,5412.165577000001,No Items,Cartridge,150cc,48 Tracks,5526.918362,-114.75278499999968,1:30:12.165577
22/03/13 (08:006),Wii Wario's Gold Mine,5574.202772000001,No Items,Cartridge,150cc,48 Tracks,5692.702913,-118.50014099999953,1:32:54.202772
22/03/13 (08:006),SNES Rainbow Road,5700.932940000001,No Items,Cartridge,150cc,48 Tracks,5824.871991,-123.93905099999938,1:35:00.932940
22/03/13 (08:006),Ice Ice Outpost,5860.346265,No Items,Cartridge,150cc,48 Tracks,5979.919275,-119.57301000000007,1:37:40.346265
22/03/13 (08:006),Hyrule Circuit,6014.13263,No Items,Cartridge,150cc,48 Tracks,6138.932402,-124.7997720000003,1:40:14.132630
22/03/13 (08:006),GCN Baby Park,6114.322981,No Items,Cartridge,150cc,48 Tracks,6239.331229,-125.0082480000001,1:41:54.322981
22/03/13 (08:006),GBA Cheese Land,6266.618675000001,No Items,Cartridge,150cc,48 Tracks,6393.011407,-126.39273199999934,1:44:26.618675
22/03/13 (08:006),Wild Woods,6412.4786970000005,No Items,Cartridge,150cc,48 Tracks,6542.600732,-130.1220349999994,1:46:52.478697
22/03/13 (08:006),Animal Crossing,6561.658051,No Items,Cartridge,150cc,48 Tracks,6684.188382,-122.53033099999993,1:49:21.658051
22/03/13 (08:006),3DS Neo Bowser City,6714.048377,No Items,Cartridge,150cc,48 Tracks,6839.383462000001,-125.33508500000062,1:51:54.048377
22/03/13 (08:006),GBA Ribbon Road,6871.854218,No Items,Cartridge,150cc,48 Tracks,6991.5947510000005,-119.74053300000014,1:54:31.854218
22/03/13 (08:006),Super Bell Subway,7021.344319000001,No Items,Cartridge,150cc,48 Tracks,7142.543704000001,-121.1993849999999,1:57:01.344319
22/03/13 (08:006),Big Blue,7142.956953000001,No Items,Cartridge,150cc,48 Tracks,7266.128033000001,-123.17108000000007,1:59:02.956953
22/03/15 (08:007),Start,0.0,No Items,Cartridge,150cc,48 Tracks,0.0,0.0,0:00:00
22/03/15 (08:007),Mario Kart Stadium,131.563786,No Items,Cartridge,150cc,48 Tracks,135.951707,-4.387921000000006,0:02:11.563786
22/03/15 (08:007),Water Park,267.984508,No Items,Cartridge,150cc,48 Tracks,275.3152,-7.330691999999999,0:04:27.984508
22/03/15 (08:007),Sweet Sweet Canyon,417.643367,No Items,Cartridge,150cc,48 Tracks,429.08917099999996,-11.445803999999953,0:06:57.643367
22/03/15 (08:007),Thwomp Ruins,568.627556,No Items,Cartridge,150cc,48 Tracks,587.876125,-19.248568999999975,0:09:28.627556
22/03/15 (08:007),Mario Circuit,714.8612740000001,No Items,Cartridge,150cc,48 Tracks,735.763411,-20.902136999999925,0:11:54.861274
22/03/15 (08:007),Toad Harbor,885.5387380000001,No Items,Cartridge,150cc,48 Tracks,903.381832,-17.84309399999995,0:14:45.538738
22/03/15 (08:007),Twisted Mansion,1041.2622700000002,No Items,Cartridge,150cc,48 Tracks,1061.574384,-20.312113999999838,0:17:21.262270
22/03/15 (08:007),Shy Guy Falls,1203.4756720000003,No Items,Cartridge,150cc,48 Tracks,1226.486701,-23.01102899999978,0:20:03.475672
22/03/15 (08:007),Sunshine Airport,1362.5928750000003,No Items,Cartridge,150cc,48 Tracks,1387.858764,-25.265888999999788,0:22:42.592875
22/03/15 (08:007),Dolphin Shoals,1519.6185790000002,No Items,Cartridge,150cc,48 Tracks,1550.37859,-30.76001099999985,0:25:19.618579
22/03/15 (08:007),Electrodrome,1678.6515570000001,No Items,Cartridge,150cc,48 Tracks,1713.404823,-34.75326599999994,0:27:58.651557
22/03/15 (08:007),Mount Wario,1824.4383050000001,No Items,Cartridge,150cc,48 Tracks,1862.679952,-38.24164699999983,0:30:24.438305
22/03/15 (08:007),Cloudtop Cruise,1986.5405640000001,No Items,Cartridge,150cc,48 Tracks,2028.723882,-42.18331799999987,0:33:06.540564
22/03/15 (08:007),Bone-Dry Dunes,2142.423157,No Items,Cartridge,150cc,48 Tracks,2187.848272,-45.425115000000005,0:35:42.423157
22/03/15 (08:007),Bowser's Castle,2305.551847,No Items,Cartridge,150cc,48 Tracks,2355.486409,-49.934561999999914,0:38:25.551847
22/03/15 (08:007),Rainbow Road,2469.34961,No Items,Cartridge,150cc,48 Tracks,2519.752409,-50.40279899999996,0:41:09.349610
22/03/15 (08:007),Wii Moo Moo Meadows,2591.5849550000003,No Items,Cartridge,150cc,48 Tracks,2642.1810370000003,-50.596082000000024,0:43:11.584955
22/03/15 (08:007),GBA Mario Circuit,2716.1709600000004,No Items,Cartridge,150cc,48 Tracks,2768.0115650000002,-51.84060499999987,0:45:16.170960
22/03/15 (08:007),DS Cheep Cheep Beach,2864.183057,No Items,Cartridge,150cc,48 Tracks,2918.360137,-54.17707999999993,0:47:44.183057
22/03/15 (08:007),N64 Toad's Turnpike,3010.3942070000003,No Items,Cartridge,150cc,48 Tracks,3066.090878,-55.6966709999997,0:50:10.394207
22/03/15 (08:007),GCN Dry Dry Desert,3179.7165560000003,No Items,Cartridge,150cc,48 Tracks,3241.368269,-61.651712999999745,0:52:59.716556
22/03/15 (08:007),SNES Donut Plains 3,3295.5961580000003,No Items,Cartridge,150cc,48 Tracks,3360.532345,-64.93618699999979,0:54:55.596158
22/03/15 (08:007),N64 Royal Raceway,3456.2938750000003,No Items,Cartridge,150cc,48 Tracks,3520.537306,-64.24343099999987,0:57:36.293875
22/03/15 (08:007),3DS DK Jungle,3619.4200630000005,No Items,Cartridge,150cc,48 Tracks,3684.881561,-65.46149799999966,1:00:19.420063
22/03/15 (08:007),DS Wario Stadium,3774.9858310000004,No Items,Cartridge,150cc,48 Tracks,3841.373138,-66.38730699999951,1:02:54.985831
22/03/15 (08:007),GCN Sherbet Land,3928.0846100000003,No Items,Cartridge,150cc,48 Tracks,3996.324514,-68.23990399999957,1:05:28.084610
22/03/15 (08:007),3DS Music Park,4089.056077,No Items,Cartridge,150cc,48 Tracks,4160.869439,-71.81336199999987,1:08:09.056077
22/03/15 (08:007),N64 Yoshi Valley,4248.728456,No Items,Cartridge,150cc,48 Tracks,4325.308603,-76.58014700000058,1:10:48.728456
22/03/15 (08:007),DS Tick-Tock Clock,4395.904192,No Items,Cartridge,150cc,48 Tracks,4474.346151000001,-78.44195900000068,1:13:15.904192
22/03/15 (08:007),3DS Piranha Plant Slide,4561.594264,No Items,Cartridge,150cc,48 Tracks,4643.089522,-81.49525799999992,1:16:01.594264
22/03/15 (08:007),Wii Grumble Volcano,4717.089341,No Items,Cartridge,150cc,48 Tracks,4808.680533000001,-91.59119200000077,1:18:37.089341
22/03/15 (08:007),N64 Rainbow Road,4831.465509,No Items,Cartridge,150cc,48 Tracks,4923.904467,-92.43895800000064,1:20:31.465509
22/03/15 (08:007),GCN Yoshi Circuit,4980.426326,No Items,Cartridge,150cc,48 Tracks,5077.495399,-97.06907300000057,1:23:00.426326
22/03/15 (08:007),Excitebike Arena,5123.156116,No Items,Cartridge,150cc,48 Tracks,5221.506801,-98.35068500000034,1:25:23.156116
22/03/15 (08:007),Dragon Driftway,5271.952265,No Items,Cartridge,150cc,48 Tracks,5372.2364370000005,-100.28417200000058,1:27:51.952265
22/03/15 (08:007),Mute City,5424.148803,No Items,Cartridge,150cc,48 Tracks,5526.918362,-102.7695590000003,1:30:24.148803
22/03/15 (08:007),Wii Wario's Gold Mine,5585.863469,No Items,Cartridge,150cc,48 Tracks,5692.702913,-106.83944400000019,1:33:05.863469
22/03/15 (08:007),SNES Rainbow Road,5710.982153,No Items,Cartridge,150cc,48 Tracks,5824.871991,-113.88983800000005,1:35:10.982153
22/03/15 (08:007),Ice Ice Outpost,5856.275489,No Items,Cartridge,150cc,48 Tracks,5979.919275,-123.64378600000055,1:37:36.275489
22/03/15 (08:007),Hyrule Circuit,6010.0075,No Items,Cartridge,150cc,48 Tracks,6138.932402,-128.92490200000066,1:40:10.007500
22/03/15 (08:007),GCN Baby Park,6108.248307999999,No Items,Cartridge,150cc,48 Tracks,6239.331229,-131.08292100000108,1:41:48.248308
22/03/15 (08:007),GBA Cheese Land,6259.435298999999,No Items,Cartridge,150cc,48 Tracks,6393.011407,-133.5761080000011,1:44:19.435299
22/03/15 (08:007),Wild Woods,6404.824058999999,No Items,Cartridge,150cc,48 Tracks,6542.600732,-137.7766730000012,1:46:44.824059
22/03/15 (08:007),Animal Crossing,6543.821270999999,No Items,Cartridge,150cc,48 Tracks,6684.188382,-140.3671110000014,1:49:03.821271
22/03/15 (08:007),3DS Neo Bowser City,6695.932779999999,No Items,Cartridge,150cc,48 Tracks,6839.383462000001,-143.4506820000015,1:51:35.932780
22/03/15 (08:007),GBA Ribbon Road,6848.798217,No Items,Cartridge,150cc,48 Tracks,6991.5947510000005,-142.79653400000097,1:54:08.798217
22/03/15 (08:007),Super Bell Subway,6996.005639999999,No Items,Cartridge,150cc,48 Tracks,7142.543704000001,-146.5380640000012,1:56:36.005640
22/03/15 (08:007),Big Blue,7118.140589999999,No Items,Cartridge,150cc,48 Tracks,7266.128033000001,-147.9874430000018,1:58:38.140590
22/04/05 (08:008),Start,0.0,No Items,Cartridge,150cc,48 Tracks,0.0,0.0,0:00:00
22/04/05 (08:008),Mario Kart Stadium,131.504708,No Items,Cartridge,150cc,48 Tracks,135.951707,-4.446999000000005,0:02:11.504708
22/04/05 (08:008),Water Park,267.060774,No Items,Cartridge,150cc,48 Tracks,275.3152,-8.254426000000024,0:04:27.060774
22/04/05 (08:008),Sweet Sweet Canyon,414.352562,No Items,Cartridge,150cc,48 Tracks,429.08917099999996,-14.736608999999987,0:06:54.352562
22/04/05 (08:008),Thwomp Ruins,565.2062109999999,No Items,Cartridge,150cc,48 Tracks,587.876125,-22.669914000000063,0:09:25.206211
22/04/05 (08:008),Mario Circuit,710.017568,No Items,Cartridge,150cc,48 Tracks,735.763411,-25.745843000000036,0:11:50.017568
22/04/05 (08:008),Toad Harbor,875.1969799999999,No Items,Cartridge,150cc,48 Tracks,903.381832,-28.18485200000009,0:14:35.196980
22/04/05 (08:008),Twisted Mansion,1029.780797,No Items,Cartridge,150cc,48 Tracks,1061.574384,-31.793587000000116,0:17:09.780797
22/04/05 (08:008),Shy Guy Falls,1190.843292,No Items,Cartridge,150cc,48 Tracks,1226.486701,-35.64340900000002,0:19:50.843292
22/04/05 (08:008),Sunshine Airport,1349.474753,No Items,Cartridge,150cc,48 Tracks,1387.858764,-38.3840110000001,0:22:29.474753
22/04/05 (08:008),Dolphin Shoals,1505.922059,No Items,Cartridge,150cc,48 Tracks,1550.37859,-44.45653100000004,0:25:05.922059
22/04/05 (08:008),Electrodrome,1664.876616,No Items,Cartridge,150cc,48 Tracks,1713.404823,-48.528207000000066,0:27:44.876616
22/04/05 (08:008),Mount Wario,1811.408004,No Items,Cartridge,150cc,48 Tracks,1862.679952,-51.271948000000066,0:30:11.408004
22/04/05 (08:008),Cloudtop Cruise,1971.8761459999998,No Items,Cartridge,150cc,48 Tracks,2028.723882,-56.84773600000017,0:32:51.876146
22/04/05 (08:008),Bone-Dry Dunes,2126.143565,No Items,Cartridge,150cc,48 Tracks,2187.848272,-61.704707000000326,0:35:26.143565
22/04/05 (08:008),Bowser's Castle,2289.118079,No Items,Cartridge,150cc,48 Tracks,2355.486409,-66.36833000000024,0:38:09.118079
22/04/05 (08:008),Rainbow Road,2450.7589989999997,No Items,Cartridge,150cc,48 Tracks,2519.752409,-68.9934100000005,0:40:50.758999
22/04/05 (08:008),Wii Moo Moo Meadows,2571.3581809999996,No Items,Cartridge,150cc,48 Tracks,2642.1810370000003,-70.82285600000068,0:42:51.358181
22/04/05 (08:008),GBA Mario Circuit,2694.6869709999996,No Items,Cartridge,150cc,48 Tracks,2768.0115650000002,-73.32459400000062,0:44:54.686971
22/04/05 (08:008),DS Cheep Cheep Beach,2842.3174739999995,No Items,Cartridge,150cc,48 Tracks,2918.360137,-76.04266300000063,0:47:22.317474
22/04/05 (08:008),N64 Toad's Turnpike,2988.3605999999995,No Items,Cartridge,150cc,48 Tracks,3066.090878,-77.73027800000045,0:49:48.360600
22/04/05 (08:008),GCN Dry Dry Desert,3151.5740999999994,No Items,Cartridge,150cc,48 Tracks,3241.368269,-89.7941690000007,0:52:31.574100
22/04/05 (08:008),SNES Donut Plains 3,3267.850706999999,No Items,Cartridge,150cc,48 Tracks,3360.532345,-92.68163800000093,0:54:27.850707
22/04/05 (08:008),N64 Royal Raceway,3427.8135699999993,No Items,Cartridge,150cc,48 Tracks,3520.537306,-92.72373600000083,0:57:07.813570
22/04/05 (08:008),3DS DK Jungle,3590.7455169999994,No Items,Cartridge,150cc,48 Tracks,3684.881561,-94.13604400000077,0:59:50.745517
22/04/05 (08:008),DS Wario Stadium,3745.6938719999994,No Items,Cartridge,150cc,48 Tracks,3841.373138,-95.67926600000055,1:02:25.693872
22/04/05 (08:008),GCN Sherbet Land,3896.9340739999993,No Items,Cartridge,150cc,48 Tracks,3996.324514,-99.39044000000058,1:04:56.934074
22/04/05 (08:008),3DS Music Park,4058.379264999999,No Items,Cartridge,150cc,48 Tracks,4160.869439,-102.49017400000093,1:07:38.379265
22/04/05 (08:008),N64 Yoshi Valley,4218.424603999999,No Items,Cartridge,150cc,48 Tracks,4325.308603,-106.8839990000015,1:10:18.424604
22/04/05 (08:008),DS Tick-Tock Clock,4366.217142999999,No Items,Cartridge,150cc,48 Tracks,4474.346151000001,-108.1290080000017,1:12:46.217143
22/04/05 (08:008),3DS Piranha Plant Slide,4532.016712999999,No Items,Cartridge,150cc,48 Tracks,4643.089522,-111.07280900000114,1:15:32.016713
22/04/05 (08:008),Wii Grumble Volcano,4687.388212999999,No Items,Cartridge,150cc,48 Tracks,4808.680533000001,-121.29232000000138,1:18:07.388213
22/04/05 (08:008),N64 Rainbow Road,4801.809101999999,No Items,Cartridge,150cc,48 Tracks,4923.904467,-122.09536500000104,1:20:01.809102
22/04/05 (08:008),GCN Yoshi Circuit,4950.702992999999,No Items,Cartridge,150cc,48 Tracks,5077.495399,-126.79240600000139,1:22:30.702993
22/04/05 (08:008),Excitebike Arena,5092.697506999999,No Items,Cartridge,150cc,48 Tracks,5221.506801,-128.8092940000015,1:24:52.697507
22/04/05 (08:008),Dragon Driftway,5238.343797999999,No Items,Cartridge,150cc,48 Tracks,5372.2364370000005,-133.8926390000015,1:27:18.343798
22/04/05 (08:008),Mute City,5392.145295999999,No Items,Cartridge,150cc,48 Tracks,5526.918362,-134.77306600000156,1:29:52.145296
22/04/05 (08:008),Wii Wario's Gold Mine,5554.3604479999985,No Items,Cartridge,150cc,48 Tracks,5692.702913,-138.34246500000154,1:32:34.360448
22/04/05 (08:008),SNES Rainbow Road,5680.024122999998,No Items,Cartridge,150cc,48 Tracks,5824.871991,-144.84786800000165,1:34:40.024123
22/04/05 (08:008),Ice Ice Outpost,5835.194995999998,No Items,Cartridge,150cc,48 Tracks,5979.919275,-144.72427900000184,1:37:15.194996
22/04/05 (08:008),Hyrule Circuit,5987.6842339999985,No Items,Cartridge,150cc,48 Tracks,6138.932402,-151.2481680000019,1:39:47.684234
22/04/05 (08:008),GCN Baby Park,6087.1024149999985,No Items,Cartridge,150cc,48 Tracks,6239.331229,-152.22881400000188,1:41:27.102415
22/04/05 (08:008),GBA Cheese Land,6240.133786999999,No Items,Cartridge,150cc,48 Tracks,6393.011407,-152.87762000000112,1:44:00.133787
22/04/05 (08:008),Wild Woods,6386.287580999999,No Items,Cartridge,150cc,48 Tracks,6542.600732,-156.3131510000012,1:46:26.287581
22/04/05 (08:008),Animal Crossing,6527.513657999999,No Items,Cartridge,150cc,48 Tracks,6684.188382,-156.67472400000133,1:48:47.513658
22/04/05 (08:008),3DS Neo Bowser City,6683.521770999999,No Items,Cartridge,150cc,48 Tracks,6839.383462000001,-155.86169100000188,1:51:23.521771
22/04/05 (08:008),GBA Ribbon Road,6847.529217999999,No Items,Cartridge,150cc,48 Tracks,6991.5947510000005,-144.06553300000178,1:54:07.529218
22/04/05 (08:008),Super Bell Subway,6997.348195999999,No Items,Cartridge,150cc,48 Tracks,7142.543704000001,-145.1955080000016,1:56:37.348196
22/04/05 (08:008),Big Blue,7120.372214999999,No Items,Cartridge,150cc,48 Tracks,7266.128033000001,-145.75581800000145,1:58:40.372215
22/04/23 (08:011),Start,0.0,No Items,Cartridge,150cc,48 Tracks,0.0,0.0,0:00:00
22/04/23 (08:011),Mario Kart Stadium,129.554563,No Items,Cartridge,150cc,48 Tracks,135.951707,-6.397143999999997,0:02:09.554563
22/04/23 (08:011),Water Park,265.316916,No Items,Cartridge,150cc,48 Tracks,275.3152,-9.998284000000012,0:04:25.316916
22/04/23 (08:011),Sweet Sweet Canyon,412.306222,No Items,Cartridge,150cc,48 Tracks,429.08917099999996,-16.782948999999974,0:06:52.306222
22/04/23 (08:011),Thwomp Ruins,561.734253,No Items,Cartridge,150cc,48 Tracks,587.876125,-26.141872000000035,0:09:21.734253
22/04/23 (08:011),Mario Circuit,704.210423,No Items,Cartridge,150cc,48 Tracks,735.763411,-31.552988000000028,0:11:44.210423
22/04/23 (08:011),Toad Harbor,869.778471,No Items,Cartridge,150cc,48 Tracks,903.381832,-33.60336100000006,0:14:29.778471
22/04/23 (08:011),Twisted Mansion,1022.708401,No Items,Cartridge,150cc,48 Tracks,1061.574384,-38.86598300000003,0:17:02.708401
22/04/23 (08:011),Shy Guy Falls,1183.273453,No Items,Cartridge,150cc,48 Tracks,1226.486701,-43.21324800000002,0:19:43.273453
22/04/23 (08:011),Sunshine Airport,1343.958632,No Items,Cartridge,150cc,48 Tracks,1387.858764,-43.900131999999985,0:22:23.958632
22/04/23 (08:011),Dolphin Shoals,1498.090265,No Items,Cartridge,150cc,48 Tracks,1550.37859,-52.288324999999986,0:24:58.090265
22/04/23 (08:011),Electrodrome,1655.479561,No Items,Cartridge,150cc,48 Tracks,1713.404823,-57.925261999999975,0:27:35.479561
22/04/23 (08:011),Mount Wario,1799.999062,No Items,Cartridge,150cc,48 Tracks,1862.679952,-62.68088999999986,0:29:59.999062
22/04/23 (08:011),Cloudtop Cruise,1958.6387060000002,No Items,Cartridge,150cc,48 Tracks,2028.723882,-70.08517599999982,0:32:38.638706
22/04/23 (08:011),Bone-Dry Dunes,2113.9333800000004,No Items,Cartridge,150cc,48 Tracks,2187.848272,-73.91489199999978,0:35:13.933380
22/04/23 (08:011),Bowser's Castle,2276.4075130000006,No Items,Cartridge,150cc,48 Tracks,2355.486409,-79.07889599999953,0:37:56.407513
22/04/23 (08:011),Rainbow Road,2435.7569790000007,No Items,Cartridge,150cc,48 Tracks,2519.752409,-83.99542999999949,0:40:35.756979
22/04/23 (08:011),Wii Moo Moo Meadows,2555.590017000001,No Items,Cartridge,150cc,48 Tracks,2642.1810370000003,-86.59101999999939,0:42:35.590017
22/04/23 (08:011),GBA Mario Circuit,2680.675456000001,No Items,Cartridge,150cc,48 Tracks,2768.0115650000002,-87.3361089999994,0:44:40.675456
22/04/23 (08:011),DS Cheep Cheep Beach,2825.168243000001,No Items,Cartridge,150cc,48 Tracks,2918.360137,-93.19189399999914,0:47:05.168243
22/04/23 (08:011),N64 Toad's Turnpike,2967.925223000001,No Items,Cartridge,150cc,48 Tracks,3066.090878,-98.16565499999888,0:49:27.925223
22/04/23 (08:011),GCN Dry Dry Desert,3131.504163000001,No Items,Cartridge,150cc,48 Tracks,3241.368269,-109.86410599999908,0:52:11.504163
22/04/23 (08:011),SNES Donut Plains 3,3249.896502000001,No Items,Cartridge,150cc,48 Tracks,3360.532345,-110.63584299999911,0:54:09.896502
22/04/23 (08:011),N64 Royal Raceway,3404.638875000001,No Items,Cartridge,150cc,48 Tracks,3520.537306,-115.89843099999916,0:56:44.638875
22/04/23 (08:011),3DS DK Jungle,3565.212885000001,No Items,Cartridge,150cc,48 Tracks,3684.881561,-119.66867599999932,0:59:25.212885
22/04/23 (08:011),DS Wario Stadium,3717.045137000001,No Items,Cartridge,150cc,48 Tracks,3841.373138,-124.32800099999895,1:01:57.045137
22/04/23 (08:011),GCN Sherbet Land,3867.163681000001,No Items,Cartridge,150cc,48 Tracks,3996.324514,-129.160832999999,1:04:27.163681
22/04/23 (08:011),3DS Music Park,4025.287166000001,No Items,Cartridge,150cc,48 Tracks,4160.869439,-135.58227299999908,1:07:05.287166
22/04/23 (08:011),N64 Yoshi Valley,4183.121843000001,No Items,Cartridge,150cc,48 Tracks,4325.308603,-142.1867599999996,1:09:43.121843
22/04/23 (08:011),DS Tick-Tock Clock,4327.931252000001,No Items,Cartridge,150cc,48 Tracks,4474.346151000001,-146.41489899999942,1:12:07.931252
22/04/23 (08:011),3DS Piranha Plant Slide,4491.629871000001,No Items,Cartridge,150cc,48 Tracks,4643.089522,-151.4596509999992,1:14:51.629871
22/04/23 (08:011),Wii Grumble Volcano,4650.169621000001,No Items,Cartridge,150cc,48 Tracks,4808.680533000001,-158.51091199999973,1:17:30.169621
22/04/23 (08:011),N64 Rainbow Road,4762.9498060000005,No Items,Cartridge,150cc,48 Tracks,4923.904467,-160.95466099999976,1:19:22.949806
22/04/23 (08:011),GCN Yoshi Circuit,4908.572707,No Items,Cartridge,150cc,48 Tracks,5077.495399,-168.9226920000001,1:21:48.572707
22/04/23 (08:011),Excitebike Arena,5048.79049,No Items,Cartridge,150cc,48 Tracks,5221.506801,-172.71631100000013,1:24:08.790490
22/04/23 (08:011),Dragon Driftway,5194.398919,No Items,Cartridge,150cc,48 Tracks,5372.2364370000005,-177.83751800000027,1:26:34.398919
22/04/23 (08:011),Mute City,5348.245907,No Items,Cartridge,150cc,48 Tracks,5526.918362,-178.6724549999999,1:29:08.245907
22/04/23 (08:011),Wii Wario's Gold Mine,5507.905533,No Items,Cartridge,150cc,48 Tracks,5692.702913,-184.79737999999998,1:31:47.905533
22/04/23 (08:011),SNES Rainbow Road,5631.896265,No Items,Cartridge,150cc,48 Tracks,5824.871991,-192.97572599999967,1:33:51.896265
22/04/23 (08:011),Ice Ice Outpost,5775.1585000000005,No Items,Cartridge,150cc,48 Tracks,5979.919275,-204.76077499999974,1:36:15.158500
22/04/23 (08:011),Hyrule Circuit,5926.686828000001,No Items,Cartridge,150cc,48 Tracks,6138.932402,-212.24557399999958,1:38:46.686828
22/04/23 (08:011),GCN Baby Park,6024.620311000001,No Items,Cartridge,150cc,48 Tracks,6239.331229,-214.71091799999977,1:40:24.620311
22/04/23 (08:011),GBA Cheese Land,6176.483733000001,No Items,Cartridge,150cc,48 Tracks,6393.011407,-216.52767399999902,1:42:56.483733
22/04/23 (08:011),Wild Woods,6320.251594000001,No Items,Cartridge,150cc,48 Tracks,6542.600732,-222.34913799999867,1:45:20.251594
22/04/23 (08:011),Animal Crossing,6456.387279000001,No Items,Cartridge,150cc,48 Tracks,6684.188382,-227.80110299999888,1:47:36.387279
22/04/23 (08:011),3DS Neo Bowser City,6605.373018000001,No Items,Cartridge,150cc,48 Tracks,6839.383462000001,-234.01044399999955,1:50:05.373018
22/04/23 (08:011),GBA Ribbon Road,6758.309703000001,No Items,Cartridge,150cc,48 Tracks,6991.5947510000005,-233.28504799999973,1:52:38.309703
22/04/23 (08:011),Super Bell Subway,6903.023906,No Items,Cartridge,150cc,48 Tracks,7142.543704000001,-239.51979800000026,1:55:03.023906
22/04/23 (08:011),Big Blue,7023.782811,No Items,Cartridge,150cc,48 Tracks,7266.128033000001,-242.34522200000083,1:57:03.782811
22/06/06 (08:015),Start,0.0,No Items,Cartridge,150cc,48 Tracks,0.0,0.0,0:00:00
22/06/06 (08:015),Mario Kart Stadium,129.40581,No Items,Cartridge,150cc,48 Tracks,135.951707,-6.5458969999999965,0:02:09.405810
22/06/06 (08:015),Water Park,262.569678,No Items,Cartridge,150cc,48 Tracks,275.3152,-12.745521999999994,0:04:22.569678
22/06/06 (08:015),Sweet Sweet Canyon,408.144675,No Items,Cartridge,150cc,48 Tracks,429.08917099999996,-20.94449599999996,0:06:48.144675
22/06/06 (08:015),Thwomp Ruins,555.993194,No Items,Cartridge,150cc,48 Tracks,587.876125,-31.882930999999985,0:09:15.993194
22/06/06 (08:015),Mario Circuit,699.210538,No Items,Cartridge,150cc,48 Tracks,735.763411,-36.55287299999998,0:11:39.210538
22/06/06 (08:015),Toad Harbor,861.592378,No Items,Cartridge,150cc,48 Tracks,903.381832,-41.78945399999998,0:14:21.592378
22/06/06 (08:015),Twisted Mansion,1014.602779,No Items,Cartridge,150cc,48 Tracks,1061.574384,-46.971604999999954,0:16:54.602779
22/06/06 (08:015),Shy Guy Falls,1174.6497080000001,No Items,Cartridge,150cc,48 Tracks,1226.486701,-51.83699299999989,0:19:34.649708
22/06/06 (08:015),Sunshine Airport,1330.903107,No Items,Cartridge,150cc,48 Tracks,1387.858764,-56.955656999999974,0:22:10.903107
22/06/06 (08:015),Dolphin Shoals,1485.5785030000002,No Items,Cartridge,150cc,48 Tracks,1550.37859,-64.80008699999985,0:24:45.578503
22/06/06 (08:015),Electrodrome,1643.9295650000001,No Items,Cartridge,150cc,48 Tracks,1713.404823,-69.47525799999994,0:27:23.929565
22/06/06 (08:015),Mount Wario,1788.0285450000001,No Items,Cartridge,150cc,48 Tracks,1862.679952,-74.65140699999984,0:29:48.028545
22/06/06 (08:015),Cloudtop Cruise,1950.087205,No Items,Cartridge,150cc,48 Tracks,2028.723882,-78.63667699999996,0:32:30.087205
22/06/06 (08:015),Bone-Dry Dunes,2104.116225,No Items,Cartridge,150cc,48 Tracks,2187.848272,-83.73204699999997,0:35:04.116225
22/06/06 (08:015),Bowser's Castle,2271.3752860000004,No Items,Cartridge,150cc,48 Tracks,2355.486409,-84.11112299999968,0:37:51.375286
22/06/06 (08:015),Rainbow Road,2430.479564,No Items,Cartridge,150cc,48 Tracks,2519.752409,-89.27284499999996,0:40:30.479564
22/06/06 (08:015),Wii Moo Moo Meadows,2550.127867,No Items,Cartridge,150cc,48 Tracks,2642.1810370000003,-92.05317000000014,0:42:30.127867
22/06/06 (08:015),GBA Mario Circuit,2671.7636460000003,No Items,Cartridge,150cc,48 Tracks,2768.0115650000002,-96.24791899999991,0:44:31.763646
22/06/06 (08:015),DS Cheep Cheep Beach,2816.5146590000004,No Items,Cartridge,150cc,48 Tracks,2918.360137,-101.84547799999973,0:46:56.514659
22/06/06 (08:015),N64 Toad's Turnpike,2961.3815850000005,No Items,Cartridge,150cc,48 Tracks,3066.090878,-104.70929299999943,0:49:21.381585
22/06/06 (08:015),GCN Dry Dry Desert,3122.9768000000004,No Items,Cartridge,150cc,48 Tracks,3241.368269,-118.39146899999969,0:52:02.976800
22/06/06 (08:015),SNES Donut Plains 3,3239.0355870000003,No Items,Cartridge,150cc,48 Tracks,3360.532345,-121.49675799999977,0:53:59.035587
22/06/06 (08:015),N64 Royal Raceway,3394.4387260000003,No Items,Cartridge,150cc,48 Tracks,3520.537306,-126.09857999999986,0:56:34.438726
22/06/06 (08:015),3DS DK Jungle,3554.558484,No Items,Cartridge,150cc,48 Tracks,3684.881561,-130.323077,0:59:14.558484
22/06/06 (08:015),DS Wario Stadium,3707.8981940000003,No Items,Cartridge,150cc,48 Tracks,3841.373138,-133.4749439999996,1:01:47.898194
22/06/06 (08:015),GCN Sherbet Land,3856.701014,No Items,Cartridge,150cc,48 Tracks,3996.324514,-139.6234999999997,1:04:16.701014
22/06/06 (08:015),3DS Music Park,4017.849423,No Items,Cartridge,150cc,48 Tracks,4160.869439,-143.02001599999994,1:06:57.849423
22/06/06 (08:015),N64 Yoshi Valley,4175.327584000001,No Items,Cartridge,150cc,48 Tracks,4325.308603,-149.98101899999983,1:09:35.327584
22/06/06 (08:015),DS Tick-Tock Clock,4318.393899000001,No Items,Cartridge,150cc,48 Tracks,4474.346151000001,-155.95225200000004,1:11:58.393899
22/06/06 (08:015),3DS Piranha Plant Slide,4479.445174,No Items,Cartridge,150cc,48 Tracks,4643.089522,-163.6443479999998,1:14:39.445174
22/06/06 (08:015),Wii Grumble Volcano,4634.5374600000005,No Items,Cartridge,150cc,48 Tracks,4808.680533000001,-174.1430730000002,1:17:14.537460
22/06/06 (08:015),N64 Rainbow Road,4746.835925,No Items,Cartridge,150cc,48 Tracks,4923.904467,-177.06854199999998,1:19:06.835925
22/06/06 (08:015),GCN Yoshi Circuit,4893.744711,No Items,Cartridge,150cc,48 Tracks,5077.495399,-183.75068800000008,1:21:33.744711
22/06/06 (08:015),Excitebike Arena,5036.950135,No Items,Cartridge,150cc,48 Tracks,5221.506801,-184.5566660000004,1:23:56.950135
22/06/06 (08:015),Dragon Driftway,5183.537689,No Items,Cartridge,150cc,48 Tracks,5372.2364370000005,-188.6987480000007,1:26:23.537689
22/06/06 (08:015),Mute City,5336.6330259999995,No Items,Cartridge,150cc,48 Tracks,5526.918362,-190.28533600000083,1:28:56.633026
22/06/06 (08:015),Wii Wario's Gold Mine,5496.037918999999,No Items,Cartridge,150cc,48 Tracks,5692.702913,-196.66499400000066,1:31:36.037919
22/06/06 (08:015),SNES Rainbow Road,5623.454747,No Items,Cartridge,150cc,48 Tracks,5824.871991,-201.4172440000002,1:33:43.454747
22/06/06 (08:015),Ice Ice Outpost,5770.9100229999995,No Items,Cartridge,150cc,48 Tracks,5979.919275,-209.00925200000074,1:36:10.910023
22/06/06 (08:015),Hyrule Circuit,5924.082796999999,No Items,Cartridge,150cc,48 Tracks,6138.932402,-214.84960500000125,1:38:44.082797
22/06/06 (08:015),GCN Baby Park,6022.239893999999,No Items,Cartridge,150cc,48 Tracks,6239.331229,-217.09133500000098,1:40:22.239894
22/06/06 (08:015),GBA Cheese Land,6169.922474999999,No Items,Cartridge,150cc,48 Tracks,6393.011407,-223.08893200000057,1:42:49.922475
22/06/06 (08:015),Wild Woods,6312.830148999999,No Items,Cartridge,150cc,48 Tracks,6542.600732,-229.77058300000044,1:45:12.830149
22/06/06 (08:015),Animal Crossing,6449.9923929999995,No Items,Cartridge,150cc,48 Tracks,6684.188382,-234.19598900000074,1:47:29.992393
22/06/06 (08:015),3DS Neo Bowser City,6598.753811,No Items,Cartridge,150cc,48 Tracks,6839.383462000001,-240.6296510000011,1:49:58.753811
22/06/06 (08:015),GBA Ribbon Road,6749.70378,No Items,Cartridge,150cc,48 Tracks,6991.5947510000005,-241.89097100000072,1:52:29.703780
22/06/06 (08:015),Super Bell Subway,6895.427557999999,No Items,Cartridge,150cc,48 Tracks,7142.543704000001,-247.1161460000012,1:54:55.427558
22/06/06 (08:015),Big Blue,7015.5697119999995,No Items,Cartridge,150cc,48 Tracks,7266.128033000001,-250.55832100000134,1:56:55.569712
22/07/04 (08:019),Start,0.0,No Items,Cartridge,150cc,48 Tracks,0.0,0.0,0:00:00
22/07/04 (08:019),Mario Kart Stadium,128.862327,No Items,Cartridge,150cc,48 Tracks,135.951707,-7.089380000000006,0:02:08.862327
22/07/04 (08:019),Water Park,261.433696,No Items,Cartridge,150cc,48 Tracks,275.3152,-13.881504000000007,0:04:21.433696
22/07/04 (08:019),Sweet Sweet Canyon,406.911707,No Items,Cartridge,150cc,48 Tracks,429.08917099999996,-22.177463999999986,0:06:46.911707
22/07/04 (08:019),Thwomp Ruins,555.206958,No Items,Cartridge,150cc,48 Tracks,587.876125,-32.669167000000016,0:09:15.206958
22/07/04 (08:019),Mario Circuit,696.994109,No Items,Cartridge,150cc,48 Tracks,735.763411,-38.76930200000004,0:11:36.994109
22/07/04 (08:019),Toad Harbor,859.116502,No Items,Cartridge,150cc,48 Tracks,903.381832,-44.26533000000006,0:14:19.116502
22/07/04 (08:019),Twisted Mansion,1012.213342,No Items,Cartridge,150cc,48 Tracks,1061.574384,-49.361042,0:16:52.213342
22/07/04 (08:019),Shy Guy Falls,1171.803176,No Items,Cartridge,150cc,48 Tracks,1226.486701,-54.683525000000145,0:19:31.803176
22/07/04 (08:019),Sunshine Airport,1328.0083379999999,No Items,Cartridge,150cc,48 Tracks,1387.858764,-59.8504260000002,0:22:08.008338
22/07/04 (08:019),Dolphin Shoals,1481.984172,No Items,Cartridge,150cc,48 Tracks,1550.37859,-68.39441800000009,0:24:41.984172
22/07/04 (08:019),Electrodrome,1638.4083369999998,No Items,Cartridge,150cc,48 Tracks,1713.404823,-74.99648600000023,0:27:18.408337
22/07/04 (08:019),Mount Wario,1784.7994449999999,No Items,Cartridge,150cc,48 Tracks,1862.679952,-77.88050700000008,0:29:44.799445
22/07/04 (08:019),Cloudtop Cruise,1942.234894,No Items,Cartridge,150cc,48 Tracks,2028.723882,-86.48898800000006,0:32:22.234894
22/07/04 (08:019),Bone-Dry Dunes,2093.7292669999997,No Items,Cartridge,150cc,48 Tracks,2187.848272,-94.11900500000047,0:34:53.729267
22/07/04 (08:019),Bowser's Castle,2259.996515,No Items,Cartridge,150cc,48 Tracks,2355.486409,-95.48989400000028,0:37:39.996515
22/07/04 (08:019),Rainbow Road,2420.76052,No Items,Cartridge,150cc,48 Tracks,2519.752409,-98.99188900000036,0:40:20.760520
22/07/04 (08:019),Wii Moo Moo Meadows,2540.0647839999997,No Items,Cartridge,150cc,48 Tracks,2642.1810370000003,-102.1162530000006,0:42:20.064784
22/07/04 (08:019),GBA Mario Circuit,2662.8697639999996,No Items,Cartridge,150cc,48 Tracks,2768.0115650000002,-105.14180100000067,0:44:22.869764
22/07/04 (08:019),DS Cheep Cheep Beach,2809.0582799999997,No Items,Cartridge,150cc,48 Tracks,2918.360137,-109.30185700000038,0:46:49.058280
22/07/04 (08:019),N64 Toad's Turnpike,2949.8642419999996,No Items,Cartridge,150cc,48 Tracks,3066.090878,-116.22663600000033,0:49:09.864242
22/07/04 (08:019),GCN Dry Dry Desert,3112.4664419999995,No Items,Cartridge,150cc,48 Tracks,3241.368269,-128.9018270000006,0:51:52.466442
22/07/04 (08:019),SNES Donut Plains 3,3227.5979099999995,No Items,Cartridge,150cc,48 Tracks,3360.532345,-132.93443500000058,0:53:47.597910
22/07/04 (08:019),N64 Royal Raceway,3383.5244569999995,No Items,Cartridge,150cc,48 Tracks,3520.537306,-137.01284900000064,0:56:23.524457
22/07/04 (08:019),3DS DK Jungle,3544.3482349999995,No Items,Cartridge,150cc,48 Tracks,3684.881561,-140.53332600000067,0:59:04.348235
22/07/04 (08:019),DS Wario Stadium,3697.2384699999993,No Items,Cartridge,150cc,48 Tracks,3841.373138,-144.1346680000006,1:01:37.238470
22/07/04 (08:019),GCN Sherbet Land,3844.4659729999994,No Items,Cartridge,150cc,48 Tracks,3996.324514,-151.8585410000005,1:04:04.465973
22/07/04 (08:019),3DS Music Park,4002.1360169999994,No Items,Cartridge,150cc,48 Tracks,4160.869439,-158.7334220000007,1:06:42.136017
22/07/04 (08:019),N64 Yoshi Valley,4159.711445999999,No Items,Cartridge,150cc,48 Tracks,4325.308603,-165.59715700000106,1:09:19.711446
22/07/04 (08:019),DS Tick-Tock Clock,4303.608886999999,No Items,Cartridge,150cc,48 Tracks,4474.346151000001,-170.73726400000123,1:11:43.608887
22/07/04 (08:019),3DS Piranha Plant Slide,4464.897892999999,No Items,Cartridge,150cc,48 Tracks,4643.089522,-178.19162900000083,1:14:24.897893
22/07/04 (08:019),Wii Grumble Volcano,4618.92394,No Items,Cartridge,150cc,48 Tracks,4808.680533000001,-189.75659300000098,1:16:58.923940
22/07/04 (08:019),N64 Rainbow Road,4732.129349,No Items,Cartridge,150cc,48 Tracks,4923.904467,-191.77511800000048,1:18:52.129349
22/07/04 (08:019),GCN Yoshi Circuit,4878.980705,No Items,Cartridge,150cc,48 Tracks,5077.495399,-198.51469400000042,1:21:18.980705
22/07/04 (08:019),Excitebike Arena,5020.964091,No Items,Cartridge,150cc,48 Tracks,5221.506801,-200.54271000000062,1:23:40.964091
22/07/04 (08:019),Dragon Driftway,5162.863429,No Items,Cartridge,150cc,48 Tracks,5372.2364370000005,-209.37300800000048,1:26:02.863429
22/07/04 (08:019),Mute City,5317.176443,No Items,Cartridge,150cc,48 Tracks,5526.918362,-209.74191900000005,1:28:37.176443
22/07/04 (08:019),Wii Wario's Gold Mine,5474.900362,No Items,Cartridge,150cc,48 Tracks,5692.702913,-217.80255099999977,1:31:14.900362
22/07/04 (08:019),SNES Rainbow Road,5596.572263,No Items,Cartridge,150cc,48 Tracks,5824.871991,-228.29972799999996,1:33:16.572263
22/07/04 (08:019),Ice Ice Outpost,5737.781355,No Items,Cartridge,150cc,48 Tracks,5979.919275,-242.13792000000012,1:35:37.781355
22/07/04 (08:019),Hyrule Circuit,5886.829167,No Items,Cartridge,150cc,48 Tracks,6138.932402,-252.1032350000005,1:38:06.829167
22/07/04 (08:019),GCN Baby Park,5985.404332,No Items,Cartridge,150cc,48 Tracks,6239.331229,-253.92689700000028,1:39:45.404332
22/07/04 (08:019),GBA Cheese Land,6133.088028,No Items,Cartridge,150cc,48 Tracks,6393.011407,-259.92337899999984,1:42:13.088028
22/07/04 (08:019),Wild Woods,6276.219675,No Items,Cartridge,150cc,48 Tracks,6542.600732,-266.3810569999996,1:44:36.219675
22/07/04 (08:019),Animal Crossing,6421.005256,No Items,Cartridge,150cc,48 Tracks,6684.188382,-263.1831259999999,1:47:01.005256
22/07/04 (08:019),3DS Neo Bowser City,6568.447683,No Items,Cartridge,150cc,48 Tracks,6839.383462000001,-270.93577900000037,1:49:28.447683
22/07/04 (08:019),GBA Ribbon Road,6724.885295,No Items,Cartridge,150cc,48 Tracks,6991.5947510000005,-266.7094560000005,1:52:04.885295
22/07/04 (08:019),Super Bell Subway,6868.753463,No Items,Cartridge,150cc,48 Tracks,7142.543704000001,-273.7902410000006,1:54:28.753463
22/07/04 (08:019),Big Blue,6989.177314,No Items,Cartridge,150cc,48 Tracks,7266.128033000001,-276.9507190000013,1:56:29.177314
